-- phpMyAdmin SQL Dump
-- version 5.1.0
-- https://www.phpmyadmin.net/
--
-- Host: localhost
-- Generation Time: Jun 03, 2021 at 12:00 AM
-- Server version: 10.4.19-MariaDB
-- PHP Version: 8.0.6

SET SQL_MODE = "NO_AUTO_VALUE_ON_ZERO";
START TRANSACTION;
SET time_zone = "+00:00";


/*!40101 SET @OLD_CHARACTER_SET_CLIENT=@@CHARACTER_SET_CLIENT */;
/*!40101 SET @OLD_CHARACTER_SET_RESULTS=@@CHARACTER_SET_RESULTS */;
/*!40101 SET @OLD_COLLATION_CONNECTION=@@COLLATION_CONNECTION */;
/*!40101 SET NAMES utf8mb4 */;

--
-- Database: `bookstore`
--

-- --------------------------------------------------------

--
-- Table structure for table `author`
--

CREATE TABLE `author` (
  `id` int(11) NOT NULL,
  `firstName` varchar(100) COLLATE utf8_unicode_ci DEFAULT NULL,
  `secondName` varchar(100) COLLATE utf8_unicode_ci DEFAULT NULL
) ENGINE=InnoDB DEFAULT CHARSET=utf8 COLLATE=utf8_unicode_ci;

--
-- Dumping data for table `author`
--

INSERT INTO `author` (`id`, `firstName`, `secondName`) VALUES
(3, 'first1', 'last1'),
(4, 'first2', 'last2'),
(6, 'first', 'second'),
(10, 'Sharon', 'Weiner'),
(11, 'Robert', 'Gottlieb'),
(12, 'Rabbi', 'Jonathan'),
(13, 'Jay', 'S.'),
(14, 'Ann', 'Charters'),
(15, 'Mary', 'S.'),
(16, 'Martinus', 'Veltman'),
(17, 'Cynthia', 'Lord'),
(18, 'Ph.D.', 'Jennifer'),
(19, 'David', 'Petechuk'),
(20, 'Steve', 'Fraser'),
(21, 'Lynn', 'Lorenz'),
(22, 'Jeff', 'Thomas'),
(23, 'Chuck', 'Musciano'),
(24, 'Kate', 'Marsh'),
(25, 'Gerald', 'Merker'),
(26, 'Sandy', 'Grant'),
(27, 'P.', ''),
(28, 'Jennifer', 'Liberts'),
(29, 'National', 'Geographic'),
(30, 'Tyler', 'Omoth'),
(31, 'Yvone', 'Lenard'),
(32, 'L.', 'H.'),
(33, 'Mike', 'Lupica'),
(34, 'Bonnie', 'Low-Kramen'),
(35, 'John', 'White'),
(36, 'Giniro', 'Natsuo'),
(37, 'Darril', 'Gibson'),
(38, 'FanPro', ''),
(39, 'Marcus', 'Harpur'),
(40, 'Frances', 'Goodrich'),
(41, 'Mahatma', 'Gandhi'),
(42, 'Donald', 'Crews'),
(43, 'Neal', 'Cassady'),
(44, 'Lyranda', 'Martin-Evans'),
(45, 'Elizabeth', 'S.'),
(46, 'Richard', 'Fitzpatrick'),
(47, 'Barry', 'Werth'),
(48, 'John', 'Calvin'),
(49, 'Liz', 'Franklin'),
(50, 'Yannick', 'Guegan'),
(51, 'Joellen', 'Bland'),
(52, 'Joanna', 'Sayago'),
(53, 'Doreen', 'Mastandrea'),
(54, 'Sandy', 'Boucher'),
(55, 'HOUGHTON', 'MIFFLIN'),
(56, 'Jorge', 'Cervantes'),
(57, 'David', 'Wong'),
(58, 'Hervé', 'Janecek'),
(59, 'Immanuel', 'Etkes'),
(60, 'Judith', 'W.'),
(61, 'Nancy', 'Campbell'),
(62, 'Rob', 'Casey'),
(63, 'Mike', 'Oard'),
(64, 'Jason', 'Brubaker'),
(65, 'Daniel', 'J.'),
(66, 'Dr', 'Randall'),
(67, 'Jennifer', 'Traig'),
(68, 'Bertram', 'Katzung'),
(69, 'Diane', 'Warner'),
(70, 'Inc.', 'BarCharts'),
(71, 'Pujita', 'Nanette'),
(72, 'Philip', 'T'),
(73, 'Kate', 'DiCamillo'),
(74, 'Yvonne', 'Prinz'),
(75, 'Editors', 'of'),
(76, 'Kristine', 'Hirschmann'),
(77, 'Robert', 'S.'),
(78, 'Leo', 'Damrosch'),
(79, 'Margaret', 'Hebblethwaite'),
(80, 'Judith', 'A.'),
(81, 'Alfred-Maurice', 'de'),
(82, 'Ellen', 'Feldman'),
(83, 'Jose', 'Santos'),
(84, 'Richard', 'J.'),
(85, 'Rebecca', 'Gomez'),
(86, 'John', 'Ringo'),
(87, 'John-Michael', 'Kuczynski'),
(88, 'Svein', 'A.'),
(89, 'Akemi', 'Kikumura-Yano'),
(90, 'Harold', 'Levine'),
(91, 'Kirt', 'I.'),
(92, 'Lisa', ''),
(93, 'Daniel', 'A.'),
(94, 'Tim', 'Fields'),
(95, 'Abby', 'Klein'),
(96, 'HSPT', 'Exam'),
(97, 'Donald', 'B.'),
(98, 'Jan', 'Spiller'),
(99, 'George', 'J.'),
(100, 'Leslie', 'Sansone'),
(101, 'Andrew', 'Gutelle'),
(102, 'Justin', 'S.'),
(103, 'Frank', 'Slocum'),
(104, 'Jim', 'Davis'),
(105, 'Doreen', 'Rappaport'),
(106, 'Freeman', 'Dyson'),
(107, 'Lewis', 'Blackwell'),
(108, 'Tom', 'Kime'),
(109, 'Rebecca', 'J.'),
(110, 'Chef', 'AJ'),
(111, 'Army', ''),
(112, 'Robert', 'Wolgemuth'),
(113, 'James', 'Kavanagh'),
(114, 'R.C.', 'Ryan'),
(115, 'Lisi', 'Harrison'),
(116, 'Michael', 'A.'),
(117, 'Michael', 'F.'),
(118, 'Klaus', ''),
(119, 'Zhongxian', 'Wu'),
(120, 'Neal', 'Goldstein'),
(121, 'Seneca', ''),
(122, 'Max', 'Born'),
(123, 'Jack', 'Challem'),
(124, 'Jim', 'Blankenship'),
(125, 'Bart', 'D.'),
(126, 'Vince', 'Aletti'),
(127, 'Claire', 'Willett'),
(128, 'Jung', 'Chang'),
(129, 'Ace', 'McCloud'),
(130, 'John', 'Ramsay'),
(131, 'Arthur', 'Conan'),
(132, 'Heidi', 'Poelman'),
(133, 'Osa', 'Johnson'),
(134, 'Roman', 'Espejo'),
(135, 'Jan', 'Zimmerman'),
(136, 'Mr', 'Zubair'),
(137, 'Prof.', 'Edward'),
(138, 'Kelly', 'Choi'),
(139, 'Tove', 'Jansson'),
(140, 'Ryan', 'Clark'),
(141, 'Tony', 'Demeo'),
(142, 'Sunil', 'Chopra'),
(143, 'Lynne', 'Cheney'),
(144, 'Timothy', 'Snyder'),
(145, 'Josh', 'Thomsen'),
(146, 'Alan', 'Montefiore'),
(147, 'Tadahiko', 'Nagao'),
(148, 'Kerin', 'L.'),
(149, 'James', 'A.'),
(150, 'Alana', 'Fairchild'),
(151, 'R.M.', 'Lambrecht'),
(152, 'Bill', 'Thomas'),
(153, 'Zena', 'A.'),
(154, 'James', 'H.'),
(155, 'James', 'W.'),
(156, 'ExamREVIEW', ''),
(157, 'J.', 'B.'),
(158, 'Joe', 'McGinniss'),
(159, 'Felicity', 'Brooks'),
(160, 'Tom', 'Smith'),
(161, 'Gary', 'P.'),
(162, 'Keira', 'Montclair'),
(163, 'Aleister', 'Crowley'),
(164, 'Rick', 'Mast'),
(165, 'Janet', 'Balaskas'),
(166, 'Ryan', 'Lancelot'),
(167, 'Felix', 'R.'),
(168, 'Clayton', 'Chun'),
(169, 'Joseph', 'Starzyk'),
(170, 'Stirling', 'Macoboy'),
(171, 'Viesca', 'Trevino'),
(172, 'Jenny', 'Joseph'),
(173, 'David', 'G.'),
(174, 'V.', 'Collins'),
(175, 'Eugene', 'A.'),
(176, 'Timothy', 'Sisemore'),
(177, 'Enid', 'Donaldson'),
(178, 'Michael', 'Heydt'),
(179, 'John', 'Okray'),
(180, 'Annette', 'Thau'),
(181, 'Priscilla', 'West'),
(182, 'Alix', 'Adams'),
(183, 'Alban', 'Webb'),
(184, 'Baha\'u\'llah', ''),
(185, 'Will', 'Shortz'),
(186, 'Bible', 'Society'),
(187, 'Dr.', 'P.'),
(188, 'Guy', 'Winch'),
(189, 'Bryan', 'Durbal'),
(190, 'Ralph', 'W.'),
(191, 'Jean', 'Van'),
(192, 'Dr.', 'Dean'),
(193, 'Kenneth', 'Lupton'),
(194, 'G.', 'Campbell'),
(195, 'Beth', 'Hensperger'),
(196, 'Out', 'on'),
(197, 'Dan', 'Quillen'),
(198, 'Audrey', 'Wood'),
(199, 'Mark', 'Nigrini'),
(200, 'Robert', 'Bridson'),
(201, 'Polly', 'Pollock'),
(202, 'John', 'R.M.'),
(203, 'Thomas', 'Moore'),
(204, 'Jennifer', 'Jenkins'),
(205, 'Richard', 'H.'),
(206, 'Jake', 'Maddox'),
(207, 'Mike', 'Lawson'),
(208, 'Joseph', 'William'),
(209, 'Todd', 'Gray'),
(210, 'John', 'Laskowski'),
(211, 'Robert', 'Bruner'),
(212, 'Clark', 'Howard'),
(213, 'David', 'O\'Sullivan'),
(214, 'W.', 'E.'),
(215, 'Margaret-Ann', 'Armour'),
(216, 'William', 'Shakespeare'),
(217, 'Susan', 'Meyer'),
(218, 'Leon', 'Fink'),
(219, 'Sue', 'Watson'),
(220, 'Stephen', 'Knapp'),
(221, 'Carlos', 'H.'),
(222, 'Chelsea', 'M'),
(223, 'Dawn', 'King'),
(224, 'Richard', 'B.'),
(225, 'Roger', 'Baldwin'),
(226, 'Matt', 'Christopher'),
(227, 'B.F', 'Skinner'),
(228, 'Lonely', 'Planet'),
(229, 'John', 'a.'),
(230, 'STECK-VAUGHN', ''),
(231, 'Donald', 'K.'),
(232, 'Sally', 'Langford'),
(233, 'Mark', 'Guthrie'),
(234, 'Day', 'Dream'),
(235, 'Glenn', 'Harrold'),
(236, 'Globetrotter', ''),
(237, 'Jeffrey', 'Milstein'),
(238, 'Cat', 'Johnson'),
(239, 'Dorie', 'Greenspan'),
(240, 'Ken', 'Anderson'),
(241, 'Bastien', 'Vivès'),
(242, 'John', 'Sideli'),
(243, 'Stephen', 'Conenna'),
(244, 'Gerald', 'L.'),
(245, 'Adeline', 'Yen'),
(246, 'Lisa', 'Trumbauer'),
(247, 'Lauren', 'Scruggs'),
(248, 'Luiza', 'DeSouza'),
(249, 'Sam', 'Harris'),
(250, 'Charles', 'Aithie'),
(251, 'Nancy', 'Perry'),
(252, 'Saint', 'Gregory'),
(253, 'Zoe', 'Clark'),
(254, 'Paul', 'Wilson'),
(255, 'John', 'Schmidt'),
(256, 'Stephen', 'Bushway'),
(257, 'Sharon', 'Smith'),
(258, 'Friedrich', 'Husemann'),
(259, 'Shelley', 'Gaskin'),
(260, 'Various', 'Authors'),
(261, 'Richard', 'Mackay'),
(262, 'John', 'H'),
(263, 'International', 'Travel'),
(264, 'Diane', 'Roberts'),
(265, 'Marietta', 'Rodgers'),
(266, 'Alex', 'Newson'),
(267, 'Oretta', 'Zanini'),
(268, 'Liz', 'Eastwood'),
(269, 'Jean', 'McElroy'),
(270, 'Rick', 'Greenwald'),
(271, 'Michael', 'Marlon'),
(272, 'Kathleen', 'Margaret'),
(273, 'Various', ''),
(274, 'Rev', 'Ray'),
(275, 'Claiborne', 'S.'),
(276, 'Kent', 'Dannen'),
(277, 'Ross', ''),
(278, 'Robert', 'A.'),
(279, 'Creative', 'Planners'),
(280, 'Father', 'John'),
(281, 'Penton', 'Staff'),
(282, 'Richard', 'Koch'),
(283, 'Charlie', 'Morris'),
(284, 'Frances', 'Wright'),
(285, 'Anthony', 'Doerr'),
(286, 'Marcia', 'Brown'),
(287, 'Theophile', 'Obenga'),
(288, 'Thomas', 'Leahey'),
(289, 'megan', 'mcDonald'),
(290, 'Karen', 'Morris'),
(291, 'John', 'Scalzi'),
(292, 'Holly', 'Lefevre'),
(293, 'Alerto', 'Siliotti'),
(294, 'Richard', 'Lee'),
(295, 'Thomas', 'Cleary'),
(296, 'Bruce', 'N.'),
(297, 'Mark', 'Granquist'),
(298, 'Mary', 'Engelbreit'),
(299, 'Daniel', 'C.'),
(300, 'Robert', 'Snowden'),
(301, 'Anthony', 'Burgess'),
(302, 'Peggy', 'A.'),
(303, 'Wallpaper*', ''),
(304, 'Cherie', 'Calbom'),
(305, 'Church', 'Publishing'),
(306, 'Gary', 'Colombo'),
(307, 'United', 'States'),
(308, 'Random', 'House'),
(309, 'Michael', 'W.'),
(310, 'Sam', 'Warburton'),
(311, 'John', 'N.'),
(312, 'Roya', 'Hakakian'),
(313, 'Nabil', 'Mouline'),
(314, 'Marshall', 'Kirk'),
(315, 'Donna', 'Kato'),
(316, 'Bethany', 'Hamilton'),
(317, 'Todd', 'Selby'),
(318, 'Paleo', 'Parents'),
(319, 'Richard', 'Griswold'),
(320, 'Francis', 'Chan'),
(321, 'Larry', 'Huntsperger'),
(322, 'David', 'Beckham'),
(323, 'Andrea', 'Harvey'),
(324, 'F.', 'A.'),
(325, 'William', 'Finnegan'),
(326, 'McGraw-Hill', 'Education'),
(327, 'N.', 'Katherine'),
(328, 'Bernard', 'C.'),
(329, 'Brandon', 'BK'),
(330, 'Liqun', 'Luo'),
(331, 'Mark', 'L.'),
(332, 'Evelyn', 'Waugh'),
(333, 'Jackie', 'French'),
(334, 'Jean', 'Slatter'),
(335, 'Christine', 'Thresh'),
(336, 'Bill', 'Holm'),
(337, 'Bathroom', 'Readers\''),
(338, 'Captain', 'William'),
(339, 'Bill', 'Garwin'),
(340, 'Ed', 'Ashley'),
(341, 'Dennis', 'Weidemann'),
(342, 'Ally', 'Condie'),
(343, 'K', 'Rose'),
(344, 'Thomas', 'B.'),
(345, 'Larry', 'Dyer'),
(346, 'A.', 'C.'),
(347, 'GiziMap', ''),
(348, 'Ogdred', 'Weary'),
(349, 'Volker', 'Scheid'),
(350, 'Russell', 'FourEagles'),
(351, 'Cynthia', 'Blair'),
(352, 'Princeton', 'Review'),
(353, 'Sir', 'Thomas'),
(354, 'Anita', 'Silvey'),
(355, 'Meta', 'S.'),
(356, 'Ange-Ignace', 'Marnier'),
(357, 'Katherine', 'Ziff'),
(358, 'John', 'Seymour'),
(359, 'Marko', 'Zlokarnik'),
(360, 'Scott', 'McEwen'),
(361, 'Lamontte', 'M.'),
(362, 'Seth', 'Godin'),
(363, 'Nora', 'Roberts'),
(364, 'Barnaby', 'Chesterman'),
(365, 'Harvey', 'Ward'),
(366, 'Hany', 'Assaad'),
(367, 'Larry', 'Schwab'),
(368, 'Pema', 'Chodron'),
(369, 'Karl', 'Popper'),
(370, 'Holly', 'Austin'),
(371, 'Deborah', 'Barnes'),
(372, 'Christina', 'R.'),
(373, 'Dolores', 'Johnson'),
(374, 'Michael', 'Farquhar'),
(375, 'Dornford', 'Yates'),
(376, 'George', 'Adams'),
(377, 'Preston', 'Gralla'),
(378, 'James', 'Scott'),
(379, 'T.', 'Sasaki'),
(380, 'Susan', 'Zogheib'),
(381, 'o', 'm'),
(382, 'Kevin', 'W.'),
(383, 'Robert', 'R.'),
(384, 'Dualta', 'Roughneen'),
(385, 'Anne-Marie', 'Littenberg'),
(386, 'Catherine', 'V.A.'),
(387, 'Shantideva', ''),
(388, 'Tasha', 'Tudor'),
(389, 'Michelle', 'Raabe'),
(390, 'Charney', 'Herst'),
(391, 'Alastair', 'Greig'),
(392, 'Mike', 'Torrey'),
(393, 'Roger', 'Mason'),
(394, 'George', 'R.'),
(395, 'G.', 'W.'),
(396, 'James', 'Strong'),
(397, 'Mary', 'Jo'),
(398, 'Antoine', 'de'),
(399, 'Explorer', 'Publishing'),
(400, 'Darlene', 'R.'),
(401, 'Hubert', 'C.'),
(402, 'Jem', 'Friar'),
(403, 'George', 'L'),
(404, 'Julie', 'C.'),
(405, 'Gavin', 'Maxwell'),
(406, 'Informed', ''),
(407, 'Amos', 'Ives'),
(408, 'Joanne', 'Landers'),
(409, 'Hector', 'Zendejas'),
(410, 'Janet', 'Woolum'),
(411, 'Carol', 'Harvey'),
(412, 'Teresa', 'Mills'),
(413, 'J.', 'Simcha'),
(414, 'Diana', 'Gleadhill'),
(415, 'Sarmila', 'Bose'),
(416, 'G.', 'Tyler'),
(417, 'Summit', 'Legal'),
(418, 'Rose', 'Publishing'),
(419, 'Paul', 'D.'),
(420, 'Alvin', 'Y.'),
(421, 'Erika', 'T.'),
(422, 'Claire', 'Prentice'),
(423, 'Giles', 'Beguin'),
(424, 'Laura', 'Griffin'),
(425, 'Joseph', 'Frazier'),
(426, 'Jerrold', 'S'),
(427, 'Paul', 'N'),
(428, 'Herbert', 'R.'),
(429, 'HGS', 'Maruzen'),
(430, 'Nancy', 'S.'),
(431, 'Tracey', 'Goessel'),
(432, 'Murray', 'Fife'),
(433, 'Scott', 'Peterson'),
(434, 'Justin', 'Lookadoo'),
(435, 'Liz', 'Kahn'),
(436, 'Dan', 'Bacon'),
(437, 'Laura', 'Numeroff'),
(438, 'Suzanne', 'McDonald'),
(439, 'James', 'Calvin'),
(440, 'Mitch', 'Albom'),
(441, 'Emily-Anne', 'Rigal'),
(442, 'Rob', 'McCreary'),
(443, 'Robert', 'Frank'),
(444, 'Marion', 'Rosen'),
(445, 'BrownTrout', 'Publishers'),
(446, 'Twigs', 'Way'),
(447, 'Carrie', 'J'),
(448, 'Reise', 'Knowhow'),
(449, 'Davis', 'A.'),
(450, 'Jon', ''),
(451, 'Daniel', 'B.'),
(452, 'A.P.', 'Jones'),
(453, 'Bill', 'Martin'),
(454, 'Michael', 'Sledge'),
(455, 'John', 'Searle'),
(456, 'John', 'Dos'),
(457, 'Sonic/Mega', 'Man'),
(458, 'Veena', 'R.'),
(459, 'Robert', 'M.'),
(460, 'John', 'Cleese'),
(461, 'Ryan', 'Holiday'),
(462, 'Jaeil', 'Lee'),
(463, 'Rhonda', 'Wray'),
(464, 'Jeffrey', 'Guy'),
(465, 'Ted', 'Mattson'),
(466, 'Mable', 'Hoffman'),
(467, 'Madeleine', 'L\'Engle'),
(468, 'Waverly', 'Evans'),
(469, 'George', 'L.'),
(470, 'Matthew', 'R.'),
(471, 'Chuck', 'Palahniuk'),
(472, 'Wilton', 'Nelson'),
(473, 'Richard', 'Hamblyn'),
(474, 'Tsr', ''),
(475, 'Sara', 'Gilbert'),
(476, 'Franko', 'Maps'),
(477, 'Brian', 'Michael'),
(478, 'Julie', 'Brega'),
(479, 'Mary', 'Settegast'),
(480, 'Sally', 'McGhee'),
(481, 'Virgilio', 'Martinez'),
(482, 'J.', 'E.'),
(483, 'Shobana', 'Shankar'),
(484, 'Nick', 'Murray'),
(485, 'Boris', 'Fishman'),
(486, 'Adam', 'Rex'),
(487, 'Roger', 'W.'),
(488, 'Whitman', 'Publishing'),
(489, 'Madison', 'Miller'),
(490, 'Living', 'Language'),
(491, 'Jack', 'N.'),
(492, 'Kenneth', 'McIntosh'),
(493, 'Glen', 'Tate'),
(494, 'Jindrich', 'Kazda'),
(495, 'John', 'Brant'),
(496, 'Mo', 'Yan'),
(497, 'Raymond', 'C.'),
(498, 'Philippa', 'Gregory'),
(499, 'Rachel', 'Simmons'),
(500, 'Scott', 'Adams'),
(501, 'Deepak', 'Chopra'),
(502, 'Donna', 'Hrkman'),
(503, 'Thomas', 'Joiner'),
(504, 'Tim', 'Osswald'),
(505, 'Fodor\'s', ''),
(506, 'The', 'Chruch'),
(507, 'Morag', 'Thow'),
(508, 'Amos', 'Q.'),
(509, 'Rupert', 'Isaacson'),
(510, 'Bill', 'Tarr'),
(511, 'Anthony', 'J.F.'),
(512, 'Patrick', 'Eddington'),
(513, 'Hong', 'Cheng'),
(514, 'Thomas', 'Heatherwick'),
(515, 'Edward', 'Shalts'),
(516, 'Sonja', 'Vegdahl'),
(517, 'W.', 'Michael'),
(518, 'Boris', 'Pasternak'),
(519, 'Craig', 'Hatkoff'),
(520, 'Ph.D.', 'Anne'),
(521, 'Sheila', 'Llanas'),
(522, 'GMAC', '(Graduate'),
(523, 'Dennis', 'J.'),
(524, 'Drew', 'Langsner'),
(525, 'William', 'C.'),
(526, 'Egypt', 'Sherrod'),
(527, 'Joy', 'Williams'),
(528, 'John', 'Jackson'),
(529, 'Lauren', 'Tarshis'),
(530, 'Micheal', 'Manning'),
(531, 'Paul', 'J.'),
(532, 'Leo', 'Galland'),
(533, 'Hilda', 'Doolittle'),
(534, 'Scott', 'Alan'),
(535, 'Henri', 'J.'),
(536, 'Arthur', 'Ransome'),
(537, 'Robert', 'J.'),
(538, 'Katie', 'Daynes'),
(539, 'Michael', 'McLaughlin'),
(540, 'Sam', 'R.'),
(541, 'Shawn', 'Rashid'),
(542, 'Andrew', 'J.'),
(543, 'Annie', 'Proulx'),
(544, 'Robert', 'C.'),
(545, 'Michael', 'Sullivan'),
(546, 'Mario', 'T.'),
(547, 'Gina', 'A.'),
(548, 'S.L.', 'Osborne'),
(549, 'Richard', 'Garrigues'),
(550, 'Cara', 'Alwill'),
(551, 'Dorothy', 'N'),
(552, 'Dereen', 'Taylor'),
(553, 'Lippincott', 'Williams'),
(554, 'Phil', 'Hardy'),
(555, 'Larry', 'B.'),
(556, 'Judy', 'Bastyra'),
(557, 'Laurie', 'Lanzen'),
(558, 'Julie', 'Ann'),
(559, 'Nancy', 'Temple'),
(560, 'Abu', 'Hamid'),
(561, 'Robert', 'Dave'),
(562, 'Matthew', 'P.'),
(563, 'Heather', 'Forest'),
(564, 'Stan', 'Cohen'),
(565, 'Michael', 'Dirda'),
(566, 'Sam', 'Hub'),
(567, 'Margaret', 'Radcliffe'),
(568, 'Ron', 'Field'),
(569, 'Erik', 'Molvar'),
(570, 'Christopher', 'Durang'),
(571, 'Henry', 'E.'),
(572, 'Alana', 'Chernila'),
(573, 'Zack', 'Childress'),
(574, 'Tim', 'Warnes'),
(575, 'Erik', 'Rifkin'),
(576, 'Richard', 'Brignall'),
(577, 'Vincent', 'C.'),
(578, 'Tiffany', 'Pham'),
(579, 'Mr', 'Adrian'),
(580, 'Carlos', 'Castaneda'),
(581, 'Olivier', 'Filippi'),
(582, 'Piers', 'Bizony'),
(583, 'Philip', 'Kearey'),
(584, 'D.', 'Stanley'),
(585, 'Elizabeth', 'A.'),
(586, 'Sharon', 'Salzberg'),
(587, 'Merle', 'Potter'),
(588, 'Tina', 'Skinner'),
(589, 'Edward', 'Bennett'),
(590, 'Charles', 'Metcalfe'),
(591, 'Morgan', 'Dix'),
(592, 'Gurpreet', 'Ahluwalia'),
(593, 'Princess', 'Catherine'),
(594, 'Warwick', 'Anderson'),
(595, 'Alexander', 'Theroux'),
(596, 'Mike', 'Venezia'),
(597, 'Ronald', 'M'),
(598, 'Marc', 'Gascoigne'),
(599, 'Joanna', 'Silber'),
(600, 'Sture', 'Allen'),
(601, 'Nicolette', 'M.'),
(602, 'Michael', 'Mikowski'),
(603, 'Susan', 'A.'),
(604, 'Streetwise', 'Maps'),
(605, 'William', 'W.'),
(606, 'Frances', 'Worthington'),
(607, 'Jen', 'Nadol'),
(608, 'Tr?E??Enh', 'H?E??o'),
(609, 'Jonathan', 'Dee'),
(610, 'Christian', 'de'),
(611, 'C.', 'M.'),
(612, 'Rick', 'Riordan'),
(613, 'Sandra', 'Hill'),
(614, 'Apostolos', 'Doxiadis'),
(615, 'Gail', 'Ghetia'),
(616, 'Jr.,', 'William'),
(617, 'Appalachian', 'Long'),
(618, 'Harvey', 'Tripp'),
(619, 'Judith', 'R.'),
(620, 'George', 'O'),
(621, 'A.', 'Dan'),
(622, 'Victory', 'House'),
(623, 'Sophie', 'Arzalier'),
(624, 'Zita', 'West'),
(625, 'Tom', 'Tierney'),
(626, 'Robert', 'B.'),
(627, 'Louis', 'Cozolino'),
(628, 'Zondervan', ''),
(629, 'Carl', 'R.'),
(630, 'Sallie', 'Lowenstein'),
(631, 'NoViolet', 'Bulawayo'),
(632, 'Lalaine', 'Villafuerte-Abonal'),
(633, 'Cartographia', ''),
(634, 'Williams-Sonoma', ''),
(635, 'Spicy', 'Journals'),
(636, 'Ernst', 'Kroker'),
(637, 'Harry', 'Newton'),
(638, 'Susan', 'J.'),
(639, 'Penthouse', 'International'),
(640, 'Matt', 'Master'),
(641, 'Noel', 'Streatfeild'),
(642, 'Ph.D.', 'Susan'),
(643, 'Triumph', 'Books'),
(644, 'Nick', 'Rider'),
(645, 'Chrissie', 'Mervine-Grace'),
(646, 'Debra', 'A.'),
(647, 'Andrew', 'Couch'),
(648, 'Sally', 'Derby'),
(649, 'Jeff', 'Jepson'),
(650, 'Mark', 'Cotta'),
(651, 'Walter', 'J.'),
(652, 'Joy', 'Louis'),
(653, 'Jason', 'Miller'),
(654, 'John', 'Giorgi'),
(655, 'Dani', 'Shapiro'),
(656, 'Thomas', 'Vennum'),
(657, 'Greg', 'Miller'),
(658, 'James', 'Boyce'),
(659, 'Michelin', 'Travel'),
(660, 'Keith', 'Code'),
(661, 'Jane', 'Sutcliffe'),
(662, 'Jason', 'W.'),
(663, 'Peter', 'Mansfield'),
(664, 'Leslie', 'Sinclair'),
(665, 'David', 'Paul'),
(666, 'Jane', 'Myers'),
(667, 'Ken', 'McMullen'),
(668, 'Pat', 'Fitzhugh'),
(669, 'David', 'R.'),
(670, 'Nick', 'Snels'),
(671, 'David', 'A.'),
(672, 'OCN', 'Exam'),
(673, 'M.D.', 'Nicholas'),
(674, 'William', 'Robert,'),
(675, 'Amita', 'Trasi'),
(676, 'Allan', 'Zullo'),
(677, 'Mark', 'Millar'),
(678, 'Matthew', 'J.'),
(679, 'Davinder', 'Kaur'),
(680, 'N', 'Elizabeth'),
(681, 'Herbert', 'Benson'),
(682, 'Ethel', 'Brown'),
(683, 'John', 'Ritschel'),
(684, 'Craig', 'Cooper'),
(685, 'Mack', 'W.'),
(686, 'Stephen', 'J.'),
(687, 'Erskine', 'Caldwell'),
(688, 'Pat', 'DiCesare'),
(689, 'Lacy', 'Finn'),
(690, 'Justin', 'Sonnenburg'),
(691, 'Emily', 'Han'),
(692, 'Julia', 'S'),
(693, 'Adyashanti', ''),
(694, 'Julie', 'Markes'),
(695, 'Jennae', 'Vale'),
(696, 'deano', 'kinsey'),
(697, 'Peter', 'Matthiessen'),
(698, 'Colin', 'Thubron'),
(699, 'Marc', 'Levinson'),
(700, 'Miles', 'V.'),
(701, 'Anders', 'Corr'),
(702, 'Warren', 'D.'),
(703, 'Brad', 'Meltzer'),
(704, 'W.', 'Daniel'),
(705, 'Robin', 'Bougie'),
(706, 'Jinnfer', 'L'),
(707, 'John', 'Rhoton'),
(708, 'Bill', 'Hayes'),
(709, 'Dedria', 'Bryfonski'),
(710, 'Andrew', 'Kaufman'),
(711, 'Andrew', 'Whitmarsh'),
(712, 'Sylvia', 'Landsberg'),
(713, 'Dr.', 'Peter'),
(714, 'John', 'Mitchinson'),
(715, 'Veronica', 'Winters'),
(716, 'Michael', 'Brooke'),
(717, 'Stephen', 'L.'),
(718, 'Susan', 'Albers'),
(719, 'Liza', 'Prado'),
(720, 'Haruki', 'Murakami'),
(721, 'Jack', 'Smith'),
(722, 'Paul', 'A.'),
(723, 'Rich', 'Mole'),
(724, 'Mandy', 'Aftel'),
(725, 'Valerie', 'DeLaune'),
(726, 'Peter', 'Benoit'),
(727, 'J.', 'Walker'),
(728, 'Jim', 'Candy'),
(729, 'Jess', 'Heinig'),
(730, 'Lauren', 'Oliver'),
(731, 'Dee', 'Henderson'),
(732, 'Joseph', 'Bruchac'),
(733, 'Rosaleen', 'A.'),
(734, 'Charles', 'Seaton'),
(735, 'Barbara', 'M.'),
(736, 'Domingo', 'Tavella'),
(737, 'Jason', 'Grembi'),
(738, 'William', 'Knoedelseder'),
(739, 'Conner', 'Middelmann-Whitney'),
(740, 'Byron', 'Khun'),
(741, 'Anita', 'Melillo'),
(742, 'Charles', 'Sure'),
(743, 'Carl', 'Rogers'),
(744, 'ECKHARDT', 'JOHN'),
(745, 'Frederic', 'C.'),
(746, 'Jeff', 'Sackmann'),
(747, 'Jean-Loup', 'Chappelet'),
(748, 'Ibp', 'Usa'),
(749, 'Peterson\'s', ''),
(750, 'Richard', 'L.'),
(751, 'Margaret', 'L.'),
(752, 'Robin', 'Wilson'),
(753, 'Dashiell', 'Hammett'),
(754, 'by', 'Donald'),
(755, 'Mark', 'Kulieke'),
(756, 'Marina', 'Warner'),
(757, 'Ursula', 'K.'),
(758, 'Robin', 'Hanson'),
(759, 'Beverley', 'Laflamme'),
(760, 'Marydee', 'Sklar'),
(761, 'Seshat', 'Sat\'Heru'),
(762, 'Kenneth', 'W.'),
(763, 'Dr.', 'Gary'),
(764, 'Bessie', 'L.'),
(765, 'Ladislas', 'Orsy'),
(766, 'Norman', 'Ollestad'),
(767, 'Daniel', 'Wallace'),
(768, 'Pete', 'Blaber'),
(769, 'Kristin', 'Nicholas'),
(770, 'Heather', 'Hattori'),
(771, 'Paul', 'McKenna'),
(772, 'Shonda', 'Parker'),
(773, 'Atsons', ''),
(774, 'Scott', 'W.'),
(775, 'Shlomo', 'Benartzi'),
(776, 'Victoria', 'Sherrow'),
(777, 'Prof.', 'Rudolph'),
(778, 'Brianna', 'K.'),
(779, 'Tim', 'Neely'),
(780, 'Sylvia', 'Day'),
(781, 'Heidi', 'Hurd'),
(782, 'George', 'Bradshaw'),
(783, 'Venkat', 'Subramaniam'),
(784, 'Alister', 'E.'),
(785, 'Terry', 'Ambrose'),
(786, 'Eric', 'Yaverbaum'),
(787, 'Joseph', 'Delaney'),
(788, 'Tony', 'Northrup'),
(789, 'Avery', 'Monsen'),
(790, 'DeLorme', ''),
(791, 'Dustin', 'Long'),
(792, 'Bryan', 'Petroff'),
(793, 'Rosemary', 'Clark'),
(794, 'Alan', 'Drew'),
(795, 'American', 'Map'),
(796, 'Linda', 'C.'),
(797, 'Boris', 'Mikhailov'),
(798, 'Hazel', 'May'),
(799, 'Valerie', 'Peterson'),
(800, 'Jacqueline', 'L.'),
(801, 'Sarah', 'Jio'),
(802, 'Lester', 'Rowntree'),
(803, 'Marco', 'Polo'),
(804, 'Marc', 'Hurwitz'),
(805, 'Isabel', 'Stenzel'),
(806, 'Michael', ''),
(807, 'Polly', 'McKenna-Cress'),
(808, 'Elizabeth', 'DuVal'),
(809, 'Sean', 'Sheehan'),
(810, 'Louis', 'Kuritzky'),
(811, 'Ahmed', 'Rashid'),
(812, 'Mary', 'Flanagan'),
(813, 'Joe', 'Funk'),
(814, 'Stuart', 'A.'),
(815, 'Teresa', 'of'),
(816, 'DK', ''),
(817, 'Dickson', 'Terry'),
(818, 'Jessica', 'Sorensen'),
(819, 'ASPAN', ''),
(820, 'Paul', 'Twitchell'),
(821, 'Alan', 'Hirshfeld'),
(822, 'H.', 'A.'),
(823, 'John', 'B'),
(824, 'Julie', 'Gabriel'),
(825, 'Edna', 'Sutton'),
(826, 'Terri', 'Jones'),
(827, 'Thomas', 'Cook'),
(828, 'Lexy', 'Timms'),
(829, 'Srimati', 'Basu'),
(830, 'Elyse', 'Schein'),
(831, 'Ryan', 'Cornish'),
(832, 'James', 'Steele'),
(833, 'George', 'Brooks'),
(834, 'P.', 'A.'),
(835, 'Marc', 'Sedaka'),
(836, 'Gail', 'E.'),
(837, 'April', 'Genevieve'),
(838, 'Jason', 'Louis'),
(839, 'W.', 'B.'),
(840, 'Toni', 'Buzzeo'),
(841, 'Charles', 'W.'),
(842, 'Martin', 'Rowson'),
(843, 'Alicia', 'F.'),
(844, 'David', 'Ritchie'),
(845, 'Bill', 'Gutman'),
(846, 'American', 'Association'),
(847, 'James', 'Henderson'),
(848, 'James', 'B.'),
(849, 'Santideva', ''),
(850, 'R.', 'M.'),
(851, 'Frantz', 'Fanon'),
(852, 'Marianne', 'Svärd'),
(853, 'Scott', 'Mccormick'),
(854, 'Matt', 'Britton'),
(855, 'Robert', 'Whitlow'),
(856, 'Susan', 'Alvare'),
(857, 'Owen', 'Lattimore'),
(858, 'Kay', 'Robertson'),
(859, 'Ryan', 'Stevens'),
(860, 'Guy', 'Delisle'),
(861, 'James', 'MacDonald'),
(862, 'Adamari', 'Lopez'),
(863, 'William', 'N.'),
(864, 'Martin', 'Chudnoff'),
(865, 'Justine', 'Saracen'),
(866, 'Marcia', 'Henry'),
(867, 'Linda', 'Dahl'),
(868, 'Value', 'Bar'),
(869, 'Kate', 'Howard'),
(870, 'Bill', 'Brill'),
(871, 'Kelley', 'Armstrong'),
(872, 'Carolyn', 'Meyer'),
(873, 'Philip', 'C.'),
(874, 'Philipp', 'Melanchthon'),
(875, 'Phyllis', 'Meras'),
(876, 'P.', 'G.'),
(877, 'D.A.', 'Saia'),
(878, 'Jan', 'Harold'),
(879, 'Harold', 'M.'),
(880, 'Michael', 'Burgan'),
(881, 'Rockridge', 'Press'),
(882, 'Frank', 'Lawley'),
(883, 'Leonard', 'Euler'),
(884, 'A.', 'J.'),
(885, 'Paula', 'Ayers'),
(886, 'Adam', 'Smith'),
(887, 'Lebawit', 'Lily'),
(888, 'Debby', 'Kratovil'),
(889, 'Judith', 'Resnik'),
(890, 'Tetsuko', 'Kuroyanagi'),
(891, 'LUXE', 'City'),
(892, 'Group', 'Publishing'),
(893, 'Euripides', ''),
(894, 'Jerry', 'Smath'),
(895, 'Theodore', 'Schick'),
(896, 'Greg', 'Borenstein'),
(897, 'Rachel', 'Hartman'),
(898, 'Laura', 'Antoniou'),
(899, 'David', 'Muench'),
(900, 'Margie', 'Palatini'),
(901, 'Thaneeya', 'McArdle'),
(902, 'Jane', 'Perryman'),
(903, 'David', 'Casdorph'),
(904, 'Vesma', 'Grinfelds'),
(905, 'H.H.', 'Rossi'),
(906, 'John', 'O\'Donohue'),
(907, 'Sheila', 'Roberts'),
(908, 'Sam', 'Maddox'),
(909, 'Patricia', 'M.'),
(910, 'Donna', 'Klein'),
(911, 'Sean', 'McDowell'),
(912, 'Adrian', 'Plass'),
(913, 'Tina', 'Swithin'),
(914, 'Bill', 'Hayton'),
(915, 'Carl', 'O.'),
(916, 'Mark', 'Myers'),
(917, 'Paula', 'Harrison'),
(918, 'Cheralyn', 'Lambeth'),
(919, 'Dorothy', 'L.'),
(920, 'Russ', 'Kick'),
(921, 'Antwone', 'Q.'),
(922, 'David', 'Hill'),
(923, 'Justin', 'Langer'),
(924, 'Bill', 'O\'Reilly'),
(925, 'Mack', 'Hanan'),
(926, 'Piers', 'Anthony'),
(927, 'James', 'Dean'),
(928, 'Robin', 'Robertson'),
(929, 'Stephane', 'Bern'),
(930, 'Louis', 'de'),
(931, 'Steve', 'Pitt'),
(932, 'Elliott', 'J.'),
(933, 'Suzanne', 'Kurtz'),
(934, 'Bruce', 'Bartlett'),
(935, 'Matthew', 'Wright'),
(936, 'Linda', 'Hart'),
(937, 'Mary', 'Monroe'),
(938, 'John', 'W.'),
(939, 'Jawbone', 'Press'),
(940, 'C.', 'J.'),
(941, 'Elaine', 'Landau'),
(942, 'Kate', 'McCord'),
(943, 'Michael', 'Moore'),
(944, 'Jack', 'Passion'),
(945, 'April', 'McGreger'),
(946, 'Bernard', 'B.'),
(947, 'Susan', 'B.'),
(948, 'Karen', 'Berman'),
(949, 'John', 'Ross'),
(950, 'Paul', 'Martineau'),
(951, 'Borislav', 'Stanic'),
(952, 'Hidenori', 'Kusaka'),
(953, 'Parragon', 'Books'),
(954, 'Sabrina', 'Solin'),
(955, 'Susan', 'Sontag'),
(956, 'Don', 'Balka'),
(957, 'Linda', 'Howe'),
(958, 'Carol', 'Spale'),
(959, 'Colleen', 'McCullough'),
(960, 'John', 'Eckhardt'),
(961, 'U.S.', 'Dept.'),
(962, 'Virginia', 'Lee'),
(963, 'Bill', 'Maclay'),
(964, 'Creative', 'Planner'),
(965, 'Kupuna', 'Kane'),
(966, 'Rick', 'Barba'),
(967, 'Ghi-woon', 'Seo'),
(968, 'Kevin', 'Yank'),
(969, 'R', 'C.'),
(970, 'Lori', 'Haskins'),
(971, 'Patrick', 'G.'),
(972, 'John', 'Layman'),
(973, 'Mc', 'Erica'),
(974, 'Smedley', 'D.'),
(975, 'Valerie', 'L.'),
(976, 'Max', 'Scheler'),
(977, 'Mike', 'Senior'),
(978, 'Philip', 'M.'),
(979, 'Edmund', 'S.');

-- --------------------------------------------------------

--
-- Table structure for table `bookauthors`
--

CREATE TABLE `bookauthors` (
  `bookId` varchar(13) CHARACTER SET utf8 COLLATE utf8_unicode_ci NOT NULL,
  `authorId` int(11) NOT NULL
) ENGINE=InnoDB DEFAULT CHARSET=utf8;

--
-- Dumping data for table `bookauthors`
--

INSERT INTO `bookauthors` (`bookId`, `authorId`) VALUES
('0', 5),
('0', 5),
('0', 5),
('002346450X', 205),
('006176678X', 766),
('007166470X', 180),
('007786171X', 211),
('007877800X', 326),
('014119877X', 803),
('014311557X', 811),
('015601386X', 398),
('019020382X', 125),
('019957202X', 300),
('020559848X', 202),
('030788497X', 501),
('031325124X', 682),
('037571894X', 720),
('038534824X', 460),
('039575531X', 743),
('044651392X', 103),
('047005333X', 83),
('048624864X', 873),
('049590323X', 839),
('050001647X', 293),
('054426228X', 422),
('061825627X', 962),
('068812609X', 239),
('073774507X', 134),
('075756383X', 87),
('076278248X', 276),
('076430741X', 588),
('076601777X', 941),
('077831345X', 907),
('078526020X', 214),
('078647954X', 745),
('079382883X', 25),
('079382883X', 25),
('079382883X', 25),
('079382883X', 25),
('079382883X', 25),
('080101834X', 911),
('080186772X', 97),
('080362218X', 947),
('080508990X', 453),
('081099285X', 237),
('081170694X', 623),
('081534533X', 330),
('083084032X', 262),
('085219689X', 825),
('088197126X', 435),
('089453582X', 765),
('092080800X', 366),
('093602822X', 407),
('093961667X', 349),
('096781281X', 99),
('097051560X', 668),
('097938737X', 637),
('098296580X', 179),
('1', 3),
('1', 4),
('1101878266', 505),
('1101898526', 966),
('1101903457', 144),
('1101965037', 528),
('1107607825', 722),
('1111350744', 173),
('111713007X', 591),
('111801684X', 37),
('111801684X', 37),
('111801684X', 37),
('111801684X', 37),
('111801684X', 37),
('1118091345', 120),
('1118215524', 135),
('111827797X', 116),
('1118306341', 807),
('1118315324', 814),
('1118549325', 770),
('1118893174', 355),
('1118920155', 717),
('1118981146', 854),
('1119042542', 522),
('1133956602', 155),
('1137278730', 370),
('113802533X', 918),
('12345', 5),
('12345', 6),
('1250004454', 209),
('1250036658', 57),
('1250056942', 467),
('126298106', 65),
('1284038068', 464),
('1284041093', 406),
('1285431324', 751),
('128576949X', 416),
('1285774078', 397),
('130264652', 142),
('130990876', 302),
('132438496', 288),
('132685752', 836),
('133254224', 671),
('133349330', 259),
('133548198', 411),
('133795020', 72),
('135137829', 13),
('135137829', 13),
('135137829', 13),
('135137829', 13),
('135137829', 13),
('140002420X', 490),
('1401312853', 440),
('1401688888', 855),
('140209423X', 494),
('1402740441', 808),
('1402765738', 771),
('1403911665', 585),
('1403948240', 391),
('1403973083', 81),
('140432086', 886),
('1404803483', 400),
('140952230X', 260),
('141192577', 216),
('1412810728', 976),
('1412982235', 161),
('141407199X', 196),
('1414310641', 731),
('1414376715', 247),
('1416060693', 309),
('1416297383', 939),
('1416503463', 316),
('1416594914', 47),
('1416599517', 98),
('1416602348', 537),
('1418038342', 735),
('1418051918', 290),
('1418065471', 737),
('1418837210', 662),
('1419537253', 555),
('1419651390', 468),
('1419708619', 317),
('1419713930', 107),
('1420503448', 557),
('1421550059', 952),
('1421667312', 445),
('142181072', 188),
('1422119157', 948),
('1422204405', 492),
('1423142004', 612),
('142320316X', 70),
('1423825101', 234),
('142414603', 33),
('142421715', 342),
('142500267', 273),
('142631518X', 354),
('142671193X', 232),
('1426757298', 361),
('143035444', 374),
('1434227804', 206),
('1434703878', 320),
('1435207033', 931),
('1435460936', 599),
('1435855027', 552),
('1437702597', 257),
('1438005687', 7),
('1438005687', 9),
('1438005687', 10),
('1438005687', 10),
('1438005687', 10),
('1438005687', 10),
('1438005687', 10),
('1438005687', 10),
('1438445563', 458),
('1439177368', 673),
('1439190054', 285),
('1440505578', 292),
('1442403527', 269),
('1442650133', 804),
('1446302857', 253),
('1447424921', 273),
('1448882761', 217),
('1449307078', 896),
('1449317758', 377),
('1449465161', 500),
('1449465269', 104),
('144947067X', 298),
('1449470734', 888),
('1449558828', 715),
('1450019021', 973),
('1450432786', 507),
('1451146248', 553),
('1451472285', 297),
('1451650922', 248),
('1451683405', 249),
('1452102279', 767),
('1453893954', 746),
('1454802642', 447),
('1455556998', 666),
('145557225X', 114),
('1455582662', 818),
('1455709700', 819),
('1456576097', 110),
('1456851993', 969),
('1457606712', 306),
('1459717856', 548),
('146107584X', 540),
('1461406846', 278),
('1462113699', 132),
('1464109222', 603),
('1464109486', 511),
('1464111723', 173),
('1465044930', 445),
('1465045597', 445),
('1465437908', 816),
('1466566086', 46),
('1466585021', 578),
('1466594861', 497),
('1466598689', 94),
('1469617668', 945),
('1470001381', 403),
('1471113116', 310),
('147231011X', 953),
('1472504445', 935),
('1472806905', 168),
('147422749X', 183),
('147514940', 33),
('147514940', 33),
('147514940', 33),
('147514940', 33),
('147514940', 33),
('1476735484', 498),
('1476736952', 86),
('1476763305', 858),
('1476779252', 424),
('1476783705', 946),
('1476787263', 360),
('1478145579', 307),
('1478701811', 272),
('1479338753', 372),
('1479834769', 92),
('1480174246', 685),
('1481402102', 607),
('1481934163', 824),
('1482050781', 741),
('148270045X', 136),
('1489525831', 243),
('1490487255', 620),
('149048972X', 156),
('149100035X', 561),
('1492608904', 558),
('1492921629', 733),
('1493758292', 64),
('1494354942', 343),
('1494450402', 706),
('149471292X', 868),
('1495944336', 66),
('1497498104', 277),
('1499793871', 593),
('1500175811', 734),
('1500444383', 339),
('1500758868', 541),
('1500779091', 965),
('1501002619', 579),
('1501700251', 549),
('1502430134', 409),
('1504015487', 456),
('1505343828', 876),
('1505396603', 124),
('1505499356', 573),
('1507899327', 417),
('1508642613', 566),
('150867387X', 916),
('1508768803', 964),
('1508958734', 597),
('151003076', 348),
('151157500X', 652),
('1511917946', 129),
('1511922109', 279),
('1512056499', 402),
('1514196239', 24),
('1514196239', 24),
('1514196239', 24),
('1514196239', 24),
('1514196239', 24),
('1514393980', 773),
('1515145700', 238),
('1515196577', 721),
('1516819985', 329),
('1517109558', 958),
('1517165733', 381),
('151717032X', 635),
('1517238870', 271),
('1517383706', 169),
('1517486068', 153),
('1517500532', 162),
('1517555914', 670),
('1517720621', 761),
('1517740185', 689),
('1517777933', 859),
('1518639216', 489),
('152058761', 872),
('152427309', 198),
('153003804', 40),
('1550173901', 940),
('1550289764', 576),
('1552452700', 710),
('1553412621', 263),
('1556431171', 444),
('1557044686', 41),
('155725639X', 280),
('1557882177', 466),
('1557885109', 910),
('1558320385', 165),
('1558322027', 195),
('155868848X', 899),
('1558689362', 516),
('155868946X', 618),
('155885424X', 319),
('1558963758', 774),
('1559630620', 82),
('1560069619', 776),
('156028158', 499),
('1560443952', 555),
('1560763418', 474),
('1561632112', 530),
('1563675862', 462),
('1563683008', 547),
('1563832747', 894),
('1563891654', 878),
('1564967425', 53),
('1565042689', 729),
('1566081513', 463),
('1566477166', 148),
('1566567467', 250),
('1566701082', 215),
('1566917816', 719),
('1567181309', 793),
('1567184561', 274),
('1567404294', 158),
('1567651046', 90),
('156792400X', 405),
('1568363915', 890),
('1568591845', 479),
('1568813260', 200),
('1569905142', 504),
('1570430373', 820),
('1570431183', 796),
('157062903X', 586),
('1570766606', 118),
('1571312757', 732),
('1571313109', 336),
('1571743383', 482),
('1572226986', 70),
('1572245255', 725),
('1572248483', 176),
('1573561207', 410),
('1574219944', 901),
('1574321269', 189),
('1574324330', 810),
('1574324543', 544),
('1575054876', 661),
('157510136X', 564),
('157731512X', 334),
('1578634172', 163),
('1579101690', 194),
('1579902308', 524),
('1580237959', 12),
('1580237959', 12),
('1580237959', 12),
('1580237959', 12),
('1580237959', 12),
('1580404553', 430),
('1580422519', 225),
('1580934501', 514),
('1581809085', 645),
('1582615845', 210),
('1583217282', 654),
('1583242600', 956),
('1583333010', 221),
('1583334769', 264),
('1583417729', 475),
('1583419543', 30),
('1583419543', 30),
('1583419543', 30),
('1583419543', 30),
('1583419543', 30),
('1583550747', 113),
('1583551182', 113),
('1585189251', 141),
('1585425621', 254),
('1586488961', 738),
('1586857029', 724),
('1587780690', 621),
('1589231554', 223),
('1589232917', 692),
('1589251520', 574),
('1589805062', 275),
('1590172949', 106),
('1590186079', 809),
('1590302184', 295),
('1590308433', 368),
('1590843894', 364),
('1591200172', 77),
('1591201985', 577),
('1591797799', 693),
('159179904X', 957),
('1591842336', 362),
('1591844096', 362),
('1591844843', 775),
('1591847389', 461),
('1592337074', 691),
('1592401333', 203),
('1593271913', 949),
('1593320957', 542),
('1593600690', 283),
('159360176X', 704),
('1593601905', 197),
('1593853084', 80),
('1594206287', 690),
('1594262942', 926),
('1594483809', 67),
('1594633525', 697),
('1594711526', 815),
('1594712530', 535),
('159477207X', 328),
('1594772592', 58),
('1594852537', 62),
('1594866287', 495),
('1596437081', 354),
('1596914521', 614),
('1598563785', 396),
('1598570749', 866),
('1598633015', 395),
('159874044X', 680),
('160125718X', 442),
('1601631979', 534),
('1601633327', 653),
('1601904630', 476),
('1602130620', 840),
('1602397929', 683),
('1602820511', 865),
('160358448X', 963),
('1603842020', 879),
('1604694092', 376),
('1605537071', 75),
('1606063227', 950),
('1606994654', 595),
('1607067676', 972),
('1607103184', 337),
('1608316858', 764),
('160882330X', 718),
('1608875431', 154),
('1609718682', 96),
('1609803760', 920),
('1609949323', 84),
('1611457297', 496),
('161180129X', 769),
('1612050328', 584),
('1612120407', 567),
('161212559X', 799),
('1612386385', 887),
('1613734042', 431),
('1613901275', 898),
('1614275300', 979),
('1616080094', 111),
('1616080582', 835),
('161620463X', 74),
('1616382155', 960),
('1616494441', 18),
('1616494441', 18),
('1616494441', 18),
('1616494441', 18),
('1616494441', 18),
('1617290750', 602),
('1617838969', 521),
('1619024985', 658),
('1623155967', 881),
('1623156610', 380),
('162336583X', 52),
('1624034063', 791),
('1626720479', 241),
('1627338780', 672),
('1627389512', 457),
('1628736496', 852),
('1629055336', 234),
('1629370282', 643),
('1629371157', 140),
('162972095X', 61),
('1629881775', 608),
('1630661619', 265),
('1631402110', 753),
('1632155567', 677),
('1633220168', 182),
('163431056X', 938),
('1740591879', 436),
('1742207863', 228),
('1742371906', 923),
('1743214049', 228),
('1770266402', 236),
('1770461175', 860),
('1780387547', 554),
('1782168338', 432),
('1783482699', 667),
('1783983280', 508),
('1783985127', 178),
('1784720887', 481),
('1840760842', 367),
('1840916303', 266),
('1841625612', 79),
('1842329715', 375),
('1843099411', 556),
('1843104059', 798),
('1843109042', 251),
('1848484151', 827),
('1848872828', 842),
('1849040494', 415),
('1849180245', 191),
('1849752621', 49),
('1849905851', 640),
('1855208938', 850),
('1857532104', 568),
('1857756584', 933),
('1857886186', 282),
('1860112110', 644),
('1878009508', 763),
('1878823299', 56),
('188039989X', 570),
('1881876136', 846),
('1881982653', 385),
('1881982831', 502),
('1882190882', 401),
('1882658086', 688),
('1885171544', 727),
('1885941404', 212),
('1886228795', 615),
('1887624104', 601),
('1888216468', 29),
('1888216468', 29),
('1888216468', 29),
('1888216468', 29),
('1888216468', 29),
('188834380X', 856),
('1889224030', 951),
('188938691X', 617),
('1890373095', 207),
('1894020545', 716),
('1894020863', 177),
('189497476X', 723),
('189729994X', 139),
('1901130266', 759),
('1903015677', 922),
('1903254736', 705),
('1905319398', 323),
('1906868174', 108),
('1907071199', 797),
('1907732837', 26),
('1907732837', 26),
('1907732837', 26),
('1907732837', 26),
('1907732837', 26),
('1908402024', 782),
('1910085138', 742),
('191025858X', 882),
('1910751618', 219),
('192117491', 193),
('1927647088', 294),
('1929125119', 772),
('1931464561', 296),
('1931847894', 606),
('193207371X', 642),
('1932564462', 38),
('1934137782', 821),
('1934857823', 255),
('1936608871', 318),
('1936829347', 903),
('1937396142', 167),
('1937498840', 794),
('1937612856', 867),
('1937785467', 783),
('193839819X', 229),
('1939758386', 657),
('1940358035', 138),
('1940430437', 421),
('1941252184', 928),
('1941868002', 145),
('1942572301', 102),
('1942577001', 831),
('1942664427', 204),
('195326970', 863),
('198533713', 346),
('198718659', 756),
('198754620', 758),
('199384452', 190),
('199540438', 849),
('199753504', 562),
('199829527', 455),
('2012522823', 356),
('201539306', 470),
('201702452', 314),
('205029396', 469),
('2067169033', 659),
('2080201832', 929),
('224021230', 536),
('226320669', 324),
('226321487', 327),
('226629767', 651),
('231110030', 551),
('231135157', 454),
('231153007', 146),
('231153546', 117),
('231171404', 610),
('240800761', 934),
('240815807', 977),
('253018870', 382),
('262511096', 154),
('262518651', 812),
('285634119', 172),
('28740173', 843),
('2911928083', 287),
('29290406', 227),
('299151646', 60),
('300047997X', 126),
('300110960', 889),
('300178905', 313),
('300186835', 914),
('300200676', 78),
('307275841', 471),
('307394913', 714),
('310240069', 112),
('310275091', 700),
('312089457', 131),
('312420137', 955),
('312556411', 14),
('312556411', 14),
('312556411', 14),
('312556411', 14),
('312556411', 14),
('313335427', 19),
('313335427', 19),
('313335427', 19),
('313335427', 19),
('313335427', 19),
('316008249', 509),
('316142239', 226),
('316185434', 20),
('316185434', 20),
('316185434', 20),
('316185434', 20),
('316185434', 20),
('316216429', 332),
('316230847', 631),
('316234842', 164),
('316249084', 115),
('316853127', 388),
('316923354', 605),
('321821467', 802),
('321910427', 109),
('321998596', 545),
('323072534', 45),
('3274020192', 448),
('345373537', 192),
('3527299963', 359),
('364285186X', 905),
('375727647', 527),
('375753184', 390),
('375814043', 308),
('375866574', 897),
('380006766', 681),
('3805550456', 379),
('380807033', 954),
('382973851X', 803),
('3836559544', 582),
('385345607', 792),
('385346158', 572),
('385349297', 44),
('385740077', 245),
('387751653', 575),
('387968245', 883),
('3928819232', 88),
('393319598', 84),
('393339157', 15),
('393339157', 15),
('393339157', 15),
('393339157', 15),
('393339157', 15),
('3935638825', 864),
('393704246', 627),
('393730018', 50),
('393733211', 626),
('393928098', 301),
('393974642', 353),
('399168834', 65),
('399174036', 441),
('4041673410', 36),
('4041673410', 36),
('4041673410', 36),
('4041673410', 36),
('4041673410', 36),
('412610302', 452),
('415278449', 369),
('415431689', 747),
('415921988', 433),
('425236579', 768),
('425243168', 780),
('425269477', 713),
('439669960', 676),
('446581046', 100),
('446583707', 639),
('446696331', 224),
('451417097', 862),
('452297036', 801),
('470226870', 340),
('470288574', 213),
('470455853', 309),
('470525452', 123),
('470590750', 299),
('470890460', 199),
('471041386', 32),
('471041386', 32),
('471041386', 32),
('471041386', 32),
('471041386', 32),
('471176397', 665),
('471197602', 736),
('471469181', 841),
('471748161', 826),
('471772720', 786),
('486213420', 961),
('486273679', 510),
('486401448', 625),
('486485943', 137),
('500514070', 581),
('515132020', 363),
('520089790', 325),
('520255224', 267),
('520258622', 261),
('520272900', 669),
('520282450', 829),
('521456924', 16),
('521456924', 16),
('521456924', 16),
('521456924', 16),
('521456924', 16),
('521642221', 122),
('521642248', 781),
('525428119', 853),
('525483519', 242),
('531222098', 596),
('531281574', 726),
('534560318', 904),
('544340477', 187),
('545130484', 95),
('545206944', 529),
('545348307', 519),
('545494788', 813),
('545509157', 917),
('545663849', 869),
('545700272', 17),
('545700272', 17),
('545700272', 17),
('545700272', 17),
('545700272', 17),
('547722044', 757),
('551032510', 912),
('553508784', 28),
('553508784', 28),
('553508784', 28),
('553508784', 28),
('553508784', 28),
('553533967', 970),
('553579908', 394),
('553588206', 871),
('582437164', 619),
('595092012', 512),
('595341993', 220),
('596000669', 231),
('596514549', 270),
('596527322', 23),
('596527322', 23),
('596527322', 23),
('596527322', 23),
('596527322', 23),
('60007788', 921),
('60086521', 333),
('60283262', 437),
('60530898', 694),
('60750715', 8),
('60750715', 11),
('60750715', 11),
('60750715', 11),
('60750715', 11),
('60750715', 11),
('60766263', 787),
('60777508', 628),
('60955589', 906),
('609810308', 312),
('61139009', 900),
('61231770', 698),
('613721209', 85),
('615112900', 649),
('615291597', 944),
('615656951', 696),
('615720552', 913),
('615739121', 268),
('61582417', 959),
('61628352', 655),
('618065679', 822),
('61829617', 311),
('618428852', 55),
('62019236', 613),
('62060090', 486),
('62110721', 927),
('62270818', 730),
('62275496', 919),
('62287885', 485),
('62353241', 684),
('632049294', 583),
('671028154', 708),
('671732498', 580),
('671798111', 870),
('672326876', 404),
('674025490', 503),
('674728823', 531),
('674990854', 121),
('679407596', 518),
('679746323', 128),
('679847596', 641),
('684871483', 147),
('684922967', 286),
('688135765', 42),
('689806272', 408),
('689815565', 373),
('689851928', 143),
('689858817', 453),
('691158223', 752),
('691160732', 451),
('691164126', 565),
('692252967', 550),
('692311963', 493),
('700616020', 459),
('711232997', 39),
('714841013', 832),
('714868493', 303),
('71487816', 587),
('715332813', 473),
('71768858', 539),
('71817700', 331),
('71825053', 68),
('71834621', 877),
('71846611', 75),
('718824725', 679),
('718825837', 823),
('7210361', 971),
('72129441', 686),
('72319585', 426),
('72556420', 833),
('73517852', 443),
('735588341', 93),
('735588600', 208),
('735623430', 480),
('735659877', 647),
('736042741', 233),
('737732997', 709),
('737743166', 646),
('739714546', 748),
('739836048', 230),
('739867008', 230),
('743203259', 244),
('743294165', 543),
('743442970', 598),
('746020619', 159),
('747807108', 446),
('752886096', 235),
('754825124', 201),
('755365895', 322),
('756545102', 880),
('756628989', 358),
('757003702', 393),
('758274769', 937),
('758626878', 874),
('758635265', 636),
('761149120', 246),
('761925562', 450),
('762457554', 526),
('762722657', 844),
('762780991', 569),
('763652326', 73),
('763654116', 289),
('763660701', 648),
('763669288', 105),
('763757977', 513),
('763758086', 419),
('763760188', 806),
('763799386', 149),
('764159615', 412),
('764421050', 892),
('765357003', 291),
('765359804', 517),
('767920538', 532),
('768938805', 749),
('769865046', 487),
('770434142', 975),
('77861043', 616),
('78038367', 895),
('78263263', 326),
('783498314', 347),
('784701970', 848),
('785114823', 477),
('785227598', 338),
('785247084', 240),
('787674249', 800),
('787980331', 515),
('78807239', 326),
('789323087', 185),
('789479915', 624),
('791096483', 389),
('791464334', 702),
('792338367', 151),
('794506674', 538),
('794828779', 488),
('800758447', 321),
('800759168', 434),
('801011574', 784),
('801608155', 915),
('801870895', 97),
('801882346', 157),
('801886295', 656),
('802086608', 712),
('802141323', 851),
('802408141', 942),
('802457193', 861),
('802864082', 438),
('803637063', 909),
('803639708', 638),
('803741367', 703),
('803741731', 837),
('803935471', 420),
('804124566', 352),
('804126046', 352),
('804804796', 365),
('804838496', 967),
('804842248', 711),
('805007334', 884),
('805098542', 924),
('807834483', 546),
('807854476', 218),
('809051435', 699),
('809070944', 932),
('811205444', 533),
('811844331', 650),
('811874559', 789),
('812220560', 902),
('812975650', 830),
('812983386', 609),
('813809975', 425),
('814450369', 925),
('814720196', 523),
('815515723', 592),
('816057583', 76),
('820315508', 674),
('820316636', 687),
('821419730', 357),
('821421247', 483),
('822338432', 594),
('823099180', 315),
('823802817', 51),
('825424976', 345),
('826220169', 805),
('827604386', 59),
('830828761', 449),
('830830375', 35),
('830830375', 35),
('830830375', 35),
('830830375', 35),
('830830375', 35),
('835609278', 350),
('8408135457', 228),
('841611491', 795),
('849339340', 386),
('851319157', 478),
('851513743', 48),
('865478287', 309),
('866225439', 428),
('871066696', 152),
('871137607', 27),
('871137607', 27),
('871137607', 27),
('871137607', 27),
('871137607', 27),
('871272407', 31),
('871272407', 31),
('871272407', 31),
('871272407', 31),
('871272407', 31),
('872860051', 43),
('872884228', 281),
('873552156', 525),
('874834228', 563),
('877432856', 184),
('881251259', 413),
('881505161', 875),
('881924210', 170),
('882667882', 256),
('883165635', 89),
('883686155', 744),
('889202478', 491),
('890134197', 750),
('890134545', 943),
('890515808', 63),
('891060499', 284),
('891120726', 571),
('896085953', 701),
('896891399', 779),
('898695791', 305),
('898703514', 930),
('899222854', 472),
('899332803', 790),
('91736048', 663),
('917953592', 174),
('921991746', 258),
('922915865', 974),
('932081258', 622),
('932914020', 439),
('935039279', 604),
('935741054', 344),
('938045687', 119),
('941051862', 893),
('945397593', 465),
('946621632', 560),
('948006889', 387),
('955706904', 590),
('956355609', 707),
('956866506', 739),
('957921802', 968),
('960057234', 335),
('961482125', 91),
('9622177808', 414),
('962904201', 22),
('962904201', 22),
('962904201', 22),
('962904201', 22),
('962904201', 22),
('9633529360', 633),
('963370324', 383),
('965045080', 660),
('965848671', 630),
('966003128', 351),
('9664120618', 186),
('966976312', 484),
('9683803148', 171),
('9719327901', 632),
('972467637', 21),
('972467637', 21),
('972467637', 21),
('972467637', 21),
('972467637', 21),
('972683100', 908),
('974722103', 762),
('974902624', 559),
('9749863879', 423),
('975395114', 71),
('976326817', 34),
('976326817', 34),
('976326817', 34),
('976326817', 34),
('976326817', 34),
('9768182652', 399),
('977111008', 175),
('977498344', 252),
('977895858', 520),
('979685206', 341),
('979851114', 778),
('9810211759', 600),
('981881203', 392),
('982605978', 760),
('983346666', 54),
('983440816', 371),
('984817409', 427),
('985082062', 166),
('985751444', 678),
('985954051', 785),
('986115746', 127),
('986155608', 675),
('987204181', 150),
('988263408', 788),
('9888132342', 891),
('988839970', 936),
('989146758', 378),
('989880737', 222),
('9901983657', 418),
('990326705', 838),
('990961214', 181),
('991488032', 728),
('993266185', 834),
('9948450337', 399),
('B0006AXT02', 589),
('B0006X7GZS', 817),
('B0007EDBRI', 133),
('B0007JTST8', 857),
('B0008A3C7K', 740),
('B000GLGO9O', 101),
('B000MMX12K', 629),
('B000NJMMV8', 304),
('B000P5ZMJ4', 299),
('B0012KT4W2', 978),
('B0030TS0M8', 429),
('B0038AJ88O', 777),
('B003YCQCYE', 69),
('B0046LUQNK', 845),
('B0096EUZ10', 634),
('B009CPHG5Q', 611),
('B00ATC9HXK', 160),
('B00BQG7W8K', 847),
('B00CNKTC04', 664),
('B00GMR2FGC', 755),
('B00I5VB6C2', 384),
('B00IGKGS9S', 506),
('B00J2C5JCQ', 289),
('B00KVGIBMC', 754),
('B00W0CCAMM', 885),
('B012HUE4F2', 130),
('B013PKHF9A', 828),
('B0141831FW', 695);

-- --------------------------------------------------------

--
-- Table structure for table `bookdiscounts`
--

CREATE TABLE `bookdiscounts` (
  `bookId` varchar(13) COLLATE utf8_unicode_ci NOT NULL,
  `discountId` int(11) NOT NULL
) ENGINE=InnoDB DEFAULT CHARSET=utf8 COLLATE=utf8_unicode_ci;

-- --------------------------------------------------------

--
-- Table structure for table `bookgenre`
--

CREATE TABLE `bookgenre` (
  `bookId` varchar(13) COLLATE utf8_unicode_ci NOT NULL,
  `genreId` int(11) NOT NULL
) ENGINE=InnoDB DEFAULT CHARSET=utf8 COLLATE=utf8_unicode_ci;

-- --------------------------------------------------------

--
-- Stand-in structure for view `bookpreview`
-- (See below for the actual view)
--
CREATE TABLE `bookpreview` (
`authorName` varchar(201)
,`authorId` int(11)
,`bookId` varchar(13)
,`isbn` varchar(13)
,`title` varchar(200)
,`description` varchar(500)
,`price` float
,`categoryId` int(11)
,`previewLink` varchar(500)
,`edition` int(2)
,`publicationDate` date
,`publisherId` int(11)
,`displayImage` varchar(500)
,`type` varchar(100)
,`name` varchar(200)
);

-- --------------------------------------------------------

--
-- Table structure for table `books`
--

CREATE TABLE `books` (
  `isbn` varchar(13) COLLATE utf8_unicode_ci NOT NULL,
  `title` varchar(200) COLLATE utf8_unicode_ci DEFAULT NULL,
  `description` varchar(500) COLLATE utf8_unicode_ci DEFAULT NULL,
  `price` float DEFAULT NULL,
  `categoryId` int(11) NOT NULL,
  `previewLink` varchar(500) COLLATE utf8_unicode_ci DEFAULT NULL,
  `publicationDate` date DEFAULT NULL,
  `edition` int(2) DEFAULT NULL,
  `publisherId` int(11) NOT NULL,
  `displayImage` varchar(500) COLLATE utf8_unicode_ci DEFAULT NULL
) ENGINE=InnoDB DEFAULT CHARSET=utf8 COLLATE=utf8_unicode_ci;

--
-- Dumping data for table `books`
--

INSERT INTO `books` (`isbn`, `title`, `description`, `price`, `categoryId`, `previewLink`, `publicationDate`, `edition`, `publisherId`, `displayImage`) VALUES
('002346450X', 'The Consolation of Philosophy: Boethius', 'Lorem Ipsum I am a definition', 37, 45, 'www.example.com', '2000-01-01', 1, 1, 'http://ecx.images-amazon.com/images/I/51DCAT3GFFL.jpg'),
('006176678X', 'Crazy for the Storm: A Memoir of Survival (P.S.)', 'Lorem Ipsum I am a definition', 81, 20, 'www.example.com', '2000-01-01', 1, 1, 'http://ecx.images-amazon.com/images/I/51TGReNPLLL.jpg'),
('007166470X', 'The Bond Book, Third Edition: Everything Investors Need to Know About Treasuries, Municipals, GNMAs, Corporates, Zeros, Bond Funds, Money Market Funds, and More', 'Lorem Ipsum I am a definition', 48, 29, 'www.example.com', '2000-01-01', 1, 1, 'http://ecx.images-amazon.com/images/I/51iYt-htMkL.jpg'),
('007786171X', 'Case Studies in Finance: Managing for Corporate Value Creation (Mcgraw-Hill/Irwin Series in Finance, Insurance and Real Estate)', 'Lorem Ipsum I am a definition', 20, 29, 'www.example.com', '2000-01-01', 1, 1, 'http://ecx.images-amazon.com/images/I/51RY9SGFUEL.jpg'),
('007877800X', 'Glencoe Life Science, Student Edition', 'Lorem Ipsum I am a definition', 22, 25, 'www.example.com', '2000-01-01', 1, 1, 'http://ecx.images-amazon.com/images/I/51KpjQFqGhL.jpg'),
('014119877X', 'The Travels (Hardcover Classics)', 'Lorem Ipsum I am a definition', 72, 35, 'www.example.com', '2000-01-01', 1, 1, 'http://ecx.images-amazon.com/images/I/61erjUgoKUL.jpg'),
('014311557X', 'Descent into Chaos: The U.S. and the Disaster in Pakistan, Afghanistan, and Central Asia', 'Lorem Ipsum I am a definition', 63, 38, 'www.example.com', '2000-01-01', 1, 1, 'http://ecx.images-amazon.com/images/I/51qDc35APoL.jpg'),
('015601386X', 'Der Kleine Prinz (German)', 'Lorem Ipsum I am a definition', 93, 23, 'www.example.com', '2000-01-01', 1, 1, 'http://ecx.images-amazon.com/images/I/41YYXuupRML.jpg'),
('019020382X', 'The New Testament: A Historical Introduction to the Early Christian Writings', 'Lorem Ipsum I am a definition', 27, 37, 'www.example.com', '2000-01-01', 1, 1, 'http://ecx.images-amazon.com/images/I/51sfa8q-0mL.jpg'),
('019957202X', 'Basic Vision: An Introduction to Visual Perception', 'Lorem Ipsum I am a definition', 43, 28, 'www.example.com', '2000-01-01', 1, 1, 'http://ecx.images-amazon.com/images/I/61Y4fPeaShL.jpg'),
('020559848X', 'Jackie Robinson and the American Dilemma (Library of American Biography)', 'Lorem Ipsum I am a definition', 86, 20, 'www.example.com', '2000-01-01', 1, 1, 'http://ecx.images-amazon.com/images/I/51Sxqm9IOVL.jpg'),
('030788497X', 'The Future of God: A Practical Approach to Spirituality for Our Times', 'Lorem Ipsum I am a definition', 59, 21, 'www.example.com', '2000-01-01', 1, 1, 'http://ecx.images-amazon.com/images/I/518KfFWoZWL.jpg'),
('031325124X', 'Children and Criminality: The Child as Victim and Perpetrator (Contributions in Political Science)', 'Lorem Ipsum I am a definition', 21, 43, 'www.example.com', '2000-01-01', 1, 1, 'http://ecx.images-amazon.com/images/I/41Q6-j9F8wL.jpg'),
('037571894X', 'A Wild Sheep Chase: A Novel', 'Lorem Ipsum I am a definition', 85, 47, 'www.example.com', '2000-01-01', 1, 1, 'http://ecx.images-amazon.com/images/I/514y1ZCphZL.jpg'),
('038534824X', 'So, Anyway...', 'Lorem Ipsum I am a definition', 13, 20, 'www.example.com', '2000-01-01', 1, 1, 'http://ecx.images-amazon.com/images/I/41TsmMf0EGL.jpg'),
('039575531X', 'On Becoming a Person: A Therapist\'s View of Psychotherapy', 'Lorem Ipsum I am a definition', 50, 18, 'www.example.com', '2000-01-01', 1, 1, 'http://ecx.images-amazon.com/images/I/11QDPY2KA3L.jpg'),
('044651392X', 'Classic baseball cards: The golden years, 1886-1956', 'Lorem Ipsum I am a definition', 83, 34, 'www.example.com', '2000-01-01', 1, 1, 'http://ecx.images-amazon.com/images/I/51S%2B3WLbwyL.jpg'),
('047005333X', 'Microbiologically Safe Foods', 'Lorem Ipsum I am a definition', 89, 28, 'www.example.com', '2000-01-01', 1, 1, 'http://ecx.images-amazon.com/images/I/519W7i65J%2BL.jpg'),
('048624864X', 'Introduction to Artificial Intelligence: Second, Enlarged Edition (Dover Books on Mathematics)', 'Lorem Ipsum I am a definition', 27, 32, 'www.example.com', '2000-01-01', 1, 1, 'http://ecx.images-amazon.com/images/I/61MVvRYs8OL.jpg'),
('049590323X', 'The Wadsworth Anthology of Drama, Revised Edition', 'Lorem Ipsum I am a definition', 70, 36, 'www.example.com', '2000-01-01', 1, 1, 'http://ecx.images-amazon.com/images/I/517-8U%2Bx0nL.jpg'),
('050001647X', 'Egypt: Splendors of an Ancient Civilization', 'Lorem Ipsum I am a definition', 0, 35, 'www.example.com', '2000-01-01', 1, 1, 'http://ecx.images-amazon.com/images/I/41PKYC6DQTL.jpg'),
('054426228X', 'The Lost Tribe of Coney Island: Headhunters, Luna Park, and the Man Who Pulled Off the Spectacle of the Century', 'Lorem Ipsum I am a definition', 76, 20, 'www.example.com', '2000-01-01', 1, 1, 'http://ecx.images-amazon.com/images/I/51%2BerSX7BGL.jpg'),
('061825627X', 'Mike Mulligan and More: Four Classic Stories by Virginia Lee Burton', 'Lorem Ipsum I am a definition', 35, 26, 'www.example.com', '2000-01-01', 1, 1, 'http://ecx.images-amazon.com/images/I/51KVCd%2BOATL.jpg'),
('068812609X', 'Waffles: From Morning to Midnight', 'Lorem Ipsum I am a definition', 64, 33, 'www.example.com', '2000-01-01', 1, 1, 'http://ecx.images-amazon.com/images/I/41arRklQYEL.jpg'),
('073774507X', 'Consumerism (Opposing Viewpoints)', 'Lorem Ipsum I am a definition', 72, 39, 'www.example.com', '2000-01-01', 1, 1, 'http://ecx.images-amazon.com/images/I/31D1OY8znXL.jpg'),
('075756383X', 'Analytic Philosophy', 'Lorem Ipsum I am a definition', 5, 45, 'www.example.com', '2000-01-01', 1, 1, 'http://ecx.images-amazon.com/images/I/51U5u9K%2BABL.jpg'),
('076278248X', 'Best Easy Day Hikes Rocky Mountain National Park (Best Easy Day Hikes Series)', 'Lorem Ipsum I am a definition', 95, 35, 'www.example.com', '2000-01-01', 1, 1, 'http://ecx.images-amazon.com/images/I/51Qo45gJPAL.jpg'),
('076430741X', 'Harrison Fisher: Defining the American Beauty : With Price Guide (Schiffer Book for Collectors and Designers)', 'Lorem Ipsum I am a definition', 98, 22, 'www.example.com', '2000-01-01', 1, 1, 'http://ecx.images-amazon.com/images/I/51G7MD1SWHL.jpg'),
('076601777X', 'St. Patrick\'s Day: Parades, Shamrocks, and Leprechauns (Finding Out about Holidays)', 'Lorem Ipsum I am a definition', 57, 26, 'www.example.com', '2000-01-01', 1, 1, 'http://ecx.images-amazon.com/images/I/51CLbk8tV8L.jpg'),
('077831345X', 'Better Than Chocolate (Life in Icicle Falls)', 'Lorem Ipsum I am a definition', 86, 23, 'www.example.com', '2000-01-01', 1, 1, 'http://ecx.images-amazon.com/images/I/511Rna%2Bs9%2BL.jpg'),
('078526020X', 'Vine\'s Complete Expository Dictionary of Old and New Testament Words', 'Lorem Ipsum I am a definition', 6, 41, 'www.example.com', '2000-01-01', 1, 1, 'http://ecx.images-amazon.com/images/I/51LTVkP7zrL.jpg'),
('078647954X', 'The Strategy of Defeat at the Little Big Horn: A Military and Timing Analysis of the Battle', 'Lorem Ipsum I am a definition', 9, 38, 'www.example.com', '2000-01-01', 1, 1, 'http://ecx.images-amazon.com/images/I/51gqEDh0RdL.jpg'),
('079382883X', 'Leopard Geckos (Complete Herp Care)', 'Lorem Ipsum I am a definition', 31, 34, 'www.example.com', '2000-01-01', 1, 1, 'http://ecx.images-amazon.com/images/I/51zi2q5JfbL.jpg'),
('080101834X', 'Same-Sex Marriage: A Thoughtful Approach to God\'s Design for Marriage (Thoughtful Response)', 'Lorem Ipsum I am a definition', 1, 41, 'www.example.com', '2000-01-01', 1, 1, 'http://ecx.images-amazon.com/images/I/51KJMtvSkoL.jpg'),
('080186772X', 'The Riddle of Amish Culture (Center Books in Anabaptist Studies)', 'Lorem Ipsum I am a definition', 22, 41, 'www.example.com', '2000-01-01', 1, 1, 'http://ecx.images-amazon.com/images/I/41YfG69HLeL.jpg'),
('080362218X', 'Improving Functional Outcomes in Physical Rehabilitation', 'Lorem Ipsum I am a definition', 88, 18, 'www.example.com', '2000-01-01', 1, 1, 'http://ecx.images-amazon.com/images/I/51%2Bqc%2B5Op8L.jpg'),
('080508990X', 'Baby Bear, Baby Bear, What Do You See? Board Book (Brown Bear and Friends)', 'Lorem Ipsum I am a definition', 25, 26, 'www.example.com', '2000-01-01', 1, 1, 'http://ecx.images-amazon.com/images/I/51HmXFYk-0L.jpg'),
('081099285X', 'Aircraft: The Jet as Art', 'Lorem Ipsum I am a definition', 97, 22, 'www.example.com', '2000-01-01', 1, 1, 'http://ecx.images-amazon.com/images/I/41kdgK2BsqL.jpg'),
('081170694X', 'Making Jewelry from Polymer Clay', 'Lorem Ipsum I am a definition', 29, 34, 'www.example.com', '2000-01-01', 1, 1, 'http://ecx.images-amazon.com/images/I/61Qxz9BDvdL.jpg'),
('081534533X', 'Principles of Neurobiology', 'Lorem Ipsum I am a definition', 47, 45, 'www.example.com', '2000-01-01', 1, 1, 'http://ecx.images-amazon.com/images/I/51Qxf6BTO9L.jpg'),
('083084032X', 'The Lost World of Scripture: Ancient Literary Culture and Biblical Authority', 'Lorem Ipsum I am a definition', 69, 41, 'www.example.com', '2000-01-01', 1, 1, 'http://ecx.images-amazon.com/images/I/51LPti9ozPL.jpg'),
('085219689X', 'Designing for Bruges Flower Lace..', 'Lorem Ipsum I am a definition', 33, 34, 'www.example.com', '2000-01-01', 1, 1, 'http://ecx.images-amazon.com/images/I/61q6xdNyXjL.jpg'),
('088197126X', 'The LPGA: The Unauthorized Version : The History of the Ladies Professional Golf Association', 'Lorem Ipsum I am a definition', 9, 31, 'www.example.com', '2000-01-01', 1, 1, 'http://ecx.images-amazon.com/images/I/41BhudxvT2L.jpg'),
('089453582X', 'Marriage in Canon Law: Text and Comments, Reflections and Questions', 'Lorem Ipsum I am a definition', 43, 43, 'www.example.com', '2000-01-01', 1, 1, 'http://ecx.images-amazon.com/images/I/51SAkZ0nLpL.jpg'),
('092080800X', 'The Name of the Dead: Hieroglyphic Inscriptions of the Treasures of Tutankhamun Translated', 'Lorem Ipsum I am a definition', 58, 21, 'www.example.com', '2000-01-01', 1, 1, 'http://ecx.images-amazon.com/images/I/41Qjb7XPC1L.jpg'),
('093602822X', 'The ABC & XYZ of Bee Culture: An Encyclopedia Pertaining to the Scientific and Practical Culture of Honey Bees', 'Lorem Ipsum I am a definition', 27, 37, 'www.example.com', '2000-01-01', 1, 1, 'http://ecx.images-amazon.com/images/I/51GWgDo3EnL.jpg'),
('093961667X', 'Chinese Herbal Medicine: Formulas & Strategies (2nd Ed.)', 'Lorem Ipsum I am a definition', 84, 28, 'www.example.com', '2000-01-01', 1, 1, 'http://ecx.images-amazon.com/images/I/51Sp7wiEHnL.jpg'),
('096781281X', 'Passing on Bypass Using External CounterPulsation : An FDA Cleared Alternative to Treat Heart Disease Without Surgery, Drugs or Angioplasty. SECOND EDITION', 'Lorem Ipsum I am a definition', 12, 18, 'www.example.com', '2000-01-01', 1, 1, 'http://ecx.images-amazon.com/images/I/511TCMQWH0L.jpg'),
('097051560X', 'The Bell Witch : The Full Account', 'Lorem Ipsum I am a definition', 88, 21, 'www.example.com', '2000-01-01', 1, 1, 'http://ecx.images-amazon.com/images/I/41%2Bmt%2BbPxNL.jpg'),
('097938737X', 'Newton\'s Telecom Dictionary: covering Telecommunications, The Internet, The Cloud, Cellular, The Internet of Things, Security, Wireless, Satellites, ... Voice, Data, Images, Apps and Video', 'Lorem Ipsum I am a definition', 25, 24, 'www.example.com', '2000-01-01', 1, 1, 'http://ecx.images-amazon.com/images/I/51mqDZ6BpgL.jpg'),
('098296580X', 'U.S. Federal Courts: Attorney Admission Requirements: 2011 Edition', 'Lorem Ipsum I am a definition', 36, 43, 'www.example.com', '2000-01-01', 1, 1, 'http://ecx.images-amazon.com/images/I/41qXDXsw-pL.jpg'),
('1101878266', 'Fodor\'s Hawaii 2016 (Full-color Travel Guide)', 'Lorem Ipsum I am a definition', 34, 35, 'www.example.com', '2000-01-01', 1, 1, 'http://ecx.images-amazon.com/images/I/51BXHxlBEdL.jpg'),
('1101898526', 'LEGO Jurassic World: Prima Official Game Guide (Prima Official Game Guides)', 'Lorem Ipsum I am a definition', 10, 36, 'www.example.com', '2000-01-01', 1, 1, 'http://ecx.images-amazon.com/images/I/51vxSUfWlcL.jpg'),
('1101903457', 'Black Earth: The Holocaust as History and Warning', 'Lorem Ipsum I am a definition', 64, 38, 'www.example.com', '2000-01-01', 1, 1, 'http://ecx.images-amazon.com/images/I/61yehdo5pSL.jpg'),
('1101965037', 'The Rise of the Empire: Star Wars: Featuring the novels Star Wars: Tarkin, Star Wars: A New Dawn, and 3 all-new short stories', 'Lorem Ipsum I am a definition', 54, 42, 'www.example.com', '2000-01-01', 1, 1, 'http://ecx.images-amazon.com/images/I/5102S0GP5LL.jpg'),
('1107607825', 'Free Trade and Sailors\' Rights in the War of 1812', 'Lorem Ipsum I am a definition', 73, 38, 'www.example.com', '2000-01-01', 1, 1, 'http://ecx.images-amazon.com/images/I/51ReCwtVHkL.jpg'),
('1111350744', 'Research Methods in Psychology', 'Lorem Ipsum I am a definition', 14, 28, 'www.example.com', '2000-01-01', 1, 1, 'http://ecx.images-amazon.com/images/I/51m-36WTujL.jpg'),
('111713007X', 'The Book of common prayer, 1549: commonly called the First book of Edward VI : to which is added th', 'Lorem Ipsum I am a definition', 3, 41, 'www.example.com', '2000-01-01', 1, 1, 'http://ecx.images-amazon.com/images/I/518fUwuA-uL.jpg'),
('111801684X', 'Microsoft Windows Security Essentials', 'Lorem Ipsum I am a definition', 86, 32, 'www.example.com', '2000-01-01', 1, 1, 'http://ecx.images-amazon.com/images/I/518VXqYR27L.jpg'),
('1118091345', 'iPhone Application Development For Dummies', 'Lorem Ipsum I am a definition', 81, 32, 'www.example.com', '2000-01-01', 1, 1, 'http://ecx.images-amazon.com/images/I/51BPjyAxiFL.jpg'),
('1118215524', 'Social Media Marketing All-in-One For Dummies', 'Lorem Ipsum I am a definition', 24, 32, 'www.example.com', '2000-01-01', 1, 1, 'http://ecx.images-amazon.com/images/I/514zdYKrw3L.jpg'),
('111827797X', 'The ADA Practical Guide to Soft Tissue Oral Disease', 'Lorem Ipsum I am a definition', 22, 18, 'www.example.com', '2000-01-01', 1, 1, 'http://ecx.images-amazon.com/images/I/51jrQ7p9bHL.jpg'),
('1118306341', 'Creating Exhibitions: Collaboration in the Planning, Development, and Design of Innovative Experiences', 'Lorem Ipsum I am a definition', 11, 45, 'www.example.com', '2000-01-01', 1, 1, 'http://ecx.images-amazon.com/images/I/61y1faqF0qL.jpg'),
('1118315324', 'Loss Models: From Data to Decisions', 'Lorem Ipsum I am a definition', 68, 29, 'www.example.com', '2000-01-01', 1, 1, 'http://ecx.images-amazon.com/images/I/51TcZkit%2BuL.jpg'),
('1118549325', 'Chemistry: 1,001 Practice Problems For Dummies (+ Free Online Practice) (For Dummies (Math & Science))', 'Lorem Ipsum I am a definition', 55, 25, 'www.example.com', '2000-01-01', 1, 1, 'http://ecx.images-amazon.com/images/I/61HDnYybj8L.jpg'),
('1118893174', 'Data Mining For Dummies', 'Lorem Ipsum I am a definition', 100, 32, 'www.example.com', '2000-01-01', 1, 1, 'http://ecx.images-amazon.com/images/I/51wiYLzUnQL.jpg'),
('1118920155', 'QuickBooks 2015 For Dummies', 'Lorem Ipsum I am a definition', 32, 32, 'www.example.com', '2000-01-01', 1, 1, 'http://ecx.images-amazon.com/images/I/51iZ9Lm1jQL.jpg'),
('1118981146', 'YouthNation: Building Remarkable Brands in a Youth-Driven Culture', 'Lorem Ipsum I am a definition', 25, 29, 'www.example.com', '2000-01-01', 1, 1, 'http://ecx.images-amazon.com/images/I/51Gk6pUJbtL.jpg'),
('1119042542', 'The Official Guide for GMAT Verbal Review 2016 with Online Question Bank and Exclusive Video', 'Lorem Ipsum I am a definition', 68, 19, 'www.example.com', '2000-01-01', 1, 1, 'http://ecx.images-amazon.com/images/I/517t-qFXO7L.jpg'),
('1133956602', 'Introduction to Psychology', 'Lorem Ipsum I am a definition', 24, 28, 'www.example.com', '2000-01-01', 1, 1, 'http://ecx.images-amazon.com/images/I/51ddN9xBrhL.jpg'),
('1137278730', 'Walking Prey: How America\'s Youth Are Vulnerable to Sex Slavery', 'Lorem Ipsum I am a definition', 62, 27, 'www.example.com', '2000-01-01', 1, 1, 'http://ecx.images-amazon.com/images/I/41zYEuAeUwL.jpg'),
('113802533X', 'The Well-Dressed Puppet: A Guide to Creating Puppet Costumes', 'Lorem Ipsum I am a definition', 98, 34, 'www.example.com', '2000-01-01', 1, 1, 'http://ecx.images-amazon.com/images/I/51NdkLcyiVL.jpg'),
('1234', 'title test', 'desc test', 3, 7, 'www.example.com', '2021-06-21', 1, 7, 'www.example.com'),
('1234567891012', 'testing book title 1', 'testing book description 1', 1, 1, 'www.example.com', '2021-05-28', 1, 1, NULL),
('1250004454', 'The New Jewish Table: Modern Seasonal Recipes for Traditional Dishes', 'Lorem Ipsum I am a definition', 65, 33, 'www.example.com', '2000-01-01', 1, 1, 'http://ecx.images-amazon.com/images/I/51lNp9Y9IgL.jpg'),
('1250036658', 'This Book Is Full of Spiders: Seriously, Dude, Don\'t Touch It (John Dies at the End)', 'Lorem Ipsum I am a definition', 65, 23, 'www.example.com', '2000-01-01', 1, 1, 'http://ecx.images-amazon.com/images/I/51-RntCdC-L.jpg'),
('1250056942', 'A Wrinkle in Time: The Graphic Novel', 'Lorem Ipsum I am a definition', 10, 26, 'www.example.com', '2000-01-01', 1, 1, 'http://ecx.images-amazon.com/images/I/51Ghfw4OujL.jpg'),
('126298106', 'Astronomical Optics, Second Edition', 'Lorem Ipsum I am a definition', 23, 25, 'www.example.com', '2000-01-01', 1, 1, 'http://ecx.images-amazon.com/images/I/51B8lOY14ML.jpg'),
('1284038068', 'Pharmacology For The Prehospital Professional: Revised Edition', 'Lorem Ipsum I am a definition', 29, 18, 'www.example.com', '2000-01-01', 1, 1, 'http://ecx.images-amazon.com/images/I/51YSrJhd%2ByL.jpg'),
('1284041093', 'EMS Field Guide, BLS Version', 'Lorem Ipsum I am a definition', 9, 18, 'www.example.com', '2000-01-01', 1, 1, 'http://ecx.images-amazon.com/images/I/41efWnBwo9L.jpg'),
('1285431324', 'Sociology: The Essentials, 8th Edition', 'Lorem Ipsum I am a definition', 67, 45, 'www.example.com', '2000-01-01', 1, 1, 'http://ecx.images-amazon.com/images/I/51h8G3giyJL.jpg'),
('128576949X', 'Sustaining the Earth', 'Lorem Ipsum I am a definition', 91, 25, 'www.example.com', '2000-01-01', 1, 1, 'http://ecx.images-amazon.com/images/I/51IHJMEgGWL.jpg'),
('1285774078', 'Understanding Procedural Coding: A Worktext (with Cengage EncoderPro.com Demo Printed Access Card)', 'Lorem Ipsum I am a definition', 74, 18, 'www.example.com', '2000-01-01', 1, 1, 'http://ecx.images-amazon.com/images/I/41P2IIY%2Bv2L.jpg'),
('130264652', 'Supply Chain Management: Strategy, Planning and Operations', 'Lorem Ipsum I am a definition', 25, 29, 'www.example.com', '2000-01-01', 1, 1, 'http://ecx.images-amazon.com/images/I/515JJGFGRJL.jpg'),
('130990876', 'Essentials for Today\'s Nursing Assistant, Special Edition', 'Lorem Ipsum I am a definition', 41, 18, 'www.example.com', '2000-01-01', 1, 1, 'http://ecx.images-amazon.com/images/I/51ZAP92NKAL.jpg'),
('132438496', 'A History of Psychology: From Antiquity to Modernity', 'Lorem Ipsum I am a definition', 28, 18, 'www.example.com', '2000-01-01', 1, 1, 'http://ecx.images-amazon.com/images/I/51e%2B5i5OhoL.jpg'),
('132685752', 'Language Arts: Patterns of Practice (8th Edition)', 'Lorem Ipsum I am a definition', 55, 37, 'www.example.com', '2000-01-01', 1, 1, 'http://ecx.images-amazon.com/images/I/51AKKYGVgmL.jpg'),
('133254224', 'Developing Management Skills Plus MyManagementLab with Pearson eText -- Access Card Package (9th Edition)', 'Lorem Ipsum I am a definition', 90, 29, 'www.example.com', '2000-01-01', 1, 1, 'http://ecx.images-amazon.com/images/I/61dYprVn0cL.jpg'),
('133349330', 'GO! with Microsoft Word 2013 Brief', 'Lorem Ipsum I am a definition', 70, 32, 'www.example.com', '2000-01-01', 1, 1, 'http://ecx.images-amazon.com/images/I/51F0ztgKIGL.jpg'),
('133548198', 'Understanding and Managing Diversity: Readings, Cases, and Exercises (6th Edition)', 'Lorem Ipsum I am a definition', 9, 29, 'www.example.com', '2000-01-01', 1, 1, 'http://ecx.images-amazon.com/images/I/51dX%2Bb9NoyL.jpg'),
('133795020', 'Principles of Marketing (16th Edition) (Newest Edition)', 'Lorem Ipsum I am a definition', 5, 29, 'www.example.com', '2000-01-01', 1, 1, 'http://ecx.images-amazon.com/images/I/51MyuNfkVGL.jpg'),
('135137829', 'Construction Scheduling: Principles and Practices (2nd Edition)', 'Lorem Ipsum I am a definition', 4, 22, 'www.example.com', '2000-01-01', 1, 1, 'http://ecx.images-amazon.com/images/I/51PuTPPCxaL.jpg'),
('140002420X', 'Complete Portuguese: The Basics (Book and CD Set): Includes Coursebook, 4 Audio CDs, and Learner\'s Dictionary (Complete Basic Courses)', 'Lorem Ipsum I am a definition', 42, 35, 'www.example.com', '2000-01-01', 1, 1, 'http://ecx.images-amazon.com/images/I/51puKn%2BxVkL.jpg'),
('1401312853', 'The Time Keeper', 'Lorem Ipsum I am a definition', 39, 23, 'www.example.com', '2000-01-01', 1, 1, 'http://ecx.images-amazon.com/images/I/51PTGUmpY3L.jpg'),
('1401688888', 'A House Divided', 'Lorem Ipsum I am a definition', 52, 47, 'www.example.com', '2000-01-01', 1, 1, 'http://ecx.images-amazon.com/images/I/51kwubDrxcL.jpg'),
('140209423X', 'The Ecology of Mycobacteria: Impact on Animal\'s and Human\'s Health', 'Lorem Ipsum I am a definition', 23, 18, 'www.example.com', '2000-01-01', 1, 1, 'http://ecx.images-amazon.com/images/I/51PHPjGtbtL.jpg'),
('1402740441', 'Beyond the Basics: Mosaics (Beyond the Basics (Sterling Publishing))', 'Lorem Ipsum I am a definition', 17, 22, 'www.example.com', '2000-01-01', 1, 1, 'http://ecx.images-amazon.com/images/I/61PNM3gP8JL.jpg'),
('1402765738', 'Change Your Life in 7 Days (I Can Make You)', 'Lorem Ipsum I am a definition', 15, 27, 'www.example.com', '2000-01-01', 1, 1, 'http://ecx.images-amazon.com/images/I/51K0VDyh0NL.jpg'),
('1403911665', 'Exploring Twins: Towards a Social Analysis of Twinship', 'Lorem Ipsum I am a definition', 50, 30, 'www.example.com', '2000-01-01', 1, 1, 'http://ecx.images-amazon.com/images/I/510wWvtpluL.jpg'),
('1403948240', 'Challenging Global Inequality: Development Theory and Practice in the 21st Century', 'Lorem Ipsum I am a definition', 67, 29, 'www.example.com', '2000-01-01', 1, 1, 'http://ecx.images-amazon.com/images/I/51MaURoRE2L.jpg'),
('1403973083', 'A Terrible Revenge: The Ethnic Cleansing of the East European Germans', 'Lorem Ipsum I am a definition', 60, 43, 'www.example.com', '2000-01-01', 1, 1, 'http://ecx.images-amazon.com/images/I/419TDqP99jL.jpg'),
('140432086', 'The Wealth of Nations: Books 1-3 (Penguin Classics) (Bks.1-3)', 'Lorem Ipsum I am a definition', 88, 29, 'www.example.com', '2000-01-01', 1, 1, 'http://ecx.images-amazon.com/images/I/41KVDeWQyOL.jpg'),
('1404803483', 'Motion: Push and Pull, Fast and Slow (Amazing Science)', 'Lorem Ipsum I am a definition', 51, 26, 'www.example.com', '2000-01-01', 1, 1, 'http://ecx.images-amazon.com/images/I/51aV4EEvrtL.jpg'),
('140952230X', 'Illustrated Adventure Stories', 'Lorem Ipsum I am a definition', 81, 26, 'www.example.com', '2000-01-01', 1, 1, 'http://ecx.images-amazon.com/images/I/517t3F%2B1udL.jpg'),
('141192577', 'The Sonnets and a Lover\'s Complaint (Hardcover Classics)', 'Lorem Ipsum I am a definition', 6, 23, 'www.example.com', '2000-01-01', 1, 1, 'http://ecx.images-amazon.com/images/I/51I7IOwB%2BqL.jpg'),
('1412810728', 'On the Eternal in Man', 'Lorem Ipsum I am a definition', 32, 18, 'www.example.com', '2000-01-01', 1, 1, 'http://ecx.images-amazon.com/images/I/51aQB41tmUL.jpg'),
('1412982235', 'Asset Building & Community Development', 'Lorem Ipsum I am a definition', 74, 29, 'www.example.com', '2000-01-01', 1, 1, 'http://ecx.images-amazon.com/images/I/51e8RG1XGcL.jpg'),
('141407199X', 'Out on the Town, Travel Guide: Oklahoma City', 'Lorem Ipsum I am a definition', 65, 35, 'www.example.com', '2000-01-01', 1, 1, 'http://ecx.images-amazon.com/images/I/21VQCK8EJZL.jpg'),
('1414310641', 'True Honor (Uncommon Heroes, Book 3)', 'Lorem Ipsum I am a definition', 92, 40, 'www.example.com', '2000-01-01', 1, 1, 'http://ecx.images-amazon.com/images/I/51Oib1mQuuL.jpg'),
('1414376715', 'Your Beautiful Heart: 31 Reflections on Love, Faith, Friendship, and Becoming a Girl Who Shines', 'Lorem Ipsum I am a definition', 75, 39, 'www.example.com', '2000-01-01', 1, 1, 'http://ecx.images-amazon.com/images/I/41gcje9Oh3L.jpg'),
('1416060693', 'Diagnosis and Management of Lameness in the Horse, 2e', 'Lorem Ipsum I am a definition', 26, 18, 'www.example.com', '2000-01-01', 1, 1, 'http://ecx.images-amazon.com/images/I/51K-XZJ4PLL.jpg'),
('1416297383', 'Electric Guitar Classics 2016 Wall Calendar', 'Lorem Ipsum I am a definition', 73, 46, 'www.example.com', '2000-01-01', 1, 1, 'http://ecx.images-amazon.com/images/I/61TGutQ-dPL.jpg'),
('1416503463', 'Soul Surfer: A True Story of Faith, Family, and Fighting to Get Back on the Board', 'Lorem Ipsum I am a definition', 22, 23, 'www.example.com', '2000-01-01', 1, 1, 'http://ecx.images-amazon.com/images/I/51g6OhERteL.jpg'),
('1416594914', 'DAMAGES', 'Lorem Ipsum I am a definition', 18, 43, 'www.example.com', '2000-01-01', 1, 1, 'http://ecx.images-amazon.com/images/I/51hCxlTZ5EL.jpg'),
('1416599517', 'Spiritual Astrology: A Path to Divine Awakening', 'Lorem Ipsum I am a definition', 92, 21, 'www.example.com', '2000-01-01', 1, 1, 'http://ecx.images-amazon.com/images/I/51PtnNC45mL.jpg'),
('1416602348', 'Building Academic Vocabulary: Teacher\'s Manual (Professional Development)', 'Lorem Ipsum I am a definition', 60, 37, 'www.example.com', '2000-01-01', 1, 1, 'http://ecx.images-amazon.com/images/I/51Jh1U529WL.jpg'),
('1418038342', 'Introduction to Agricultural Accounting', 'Lorem Ipsum I am a definition', 92, 25, 'www.example.com', '2000-01-01', 1, 1, 'http://ecx.images-amazon.com/images/I/51GE8Yf0JqL.jpg'),
('1418051918', 'Hotel, Restaurant, and Travel Law, 7th Edition', 'Lorem Ipsum I am a definition', 29, 43, 'www.example.com', '2000-01-01', 1, 1, 'http://ecx.images-amazon.com/images/I/51yA2devJ4L.jpg'),
('1418065471', 'Secure Software Development: A Security Programmer\'s Guide', 'Lorem Ipsum I am a definition', 32, 32, 'www.example.com', '2000-01-01', 1, 1, 'http://ecx.images-amazon.com/images/I/51xL9WiHGDL.jpg'),
('1418837210', 'Linux+ Guide to Linux Certification (Test Preparation)', 'Lorem Ipsum I am a definition', 37, 32, 'www.example.com', '2000-01-01', 1, 1, 'http://ecx.images-amazon.com/images/I/51xM%2B2jO%2BQL.jpg'),
('1419537253', 'Investing in Duplexes, Triplexes, and Quads: The Fastest and Safest Way to Real Estate Wealth', 'Lorem Ipsum I am a definition', 49, 29, 'www.example.com', '2000-01-01', 1, 1, 'http://ecx.images-amazon.com/images/I/51nE9h88feL.jpg'),
('1419651390', 'Healing Lupus: Steps in a Personal Journey', 'Lorem Ipsum I am a definition', 97, 28, 'www.example.com', '2000-01-01', 1, 1, 'http://ecx.images-amazon.com/images/I/51vAUv76enL.jpg'),
('1419708619', 'Fashionable Selby', 'Lorem Ipsum I am a definition', 16, 22, 'www.example.com', '2000-01-01', 1, 1, 'http://ecx.images-amazon.com/images/I/6102jKVV3PL.jpg'),
('1419713930', 'The Life and Love of Dogs', 'Lorem Ipsum I am a definition', 47, 22, 'www.example.com', '2000-01-01', 1, 1, 'http://ecx.images-amazon.com/images/I/51c2TA1x6NL.jpg'),
('1420503448', 'Spike Lee (People in the News)', 'Lorem Ipsum I am a definition', 25, 39, 'www.example.com', '2000-01-01', 1, 1, 'http://ecx.images-amazon.com/images/I/51iS0inNJpL.jpg'),
('1421550059', 'Pokemon Black and White Box Set', 'Lorem Ipsum I am a definition', 31, 26, 'www.example.com', '2000-01-01', 1, 1, 'http://ecx.images-amazon.com/images/I/61ojT%2B7HAsL.jpg'),
('1421667312', 'Tall Ships 2011 Square 12X12 Wall Calendar', 'Lorem Ipsum I am a definition', 36, 46, 'www.example.com', '2000-01-01', 1, 1, 'http://ecx.images-amazon.com/images/I/51%2BCXgKso8L.jpg'),
('142181072', 'Emotional First Aid: Healing Rejection, Guilt, Failure, and Other Everyday Hurts', 'Lorem Ipsum I am a definition', 88, 27, 'www.example.com', '2000-01-01', 1, 1, 'http://ecx.images-amazon.com/images/I/41BvWghbRBL.jpg'),
('1422119157', 'Financial Intelligence for Entrepreneurs: What You Really Need to Know About the Numbers', 'Lorem Ipsum I am a definition', 100, 29, 'www.example.com', '2000-01-01', 1, 1, 'http://ecx.images-amazon.com/images/I/41w7NeUW0wL.jpg'),
('1422204405', 'Youth with Conduct Disorder: In Trouble with the World (Helping Youth with Mental, Physical, & Social Disabilities)', 'Lorem Ipsum I am a definition', 14, 39, 'www.example.com', '2000-01-01', 1, 1, 'http://ecx.images-amazon.com/images/I/517bwafHpEL.jpg'),
('1423142004', 'Heroes of Olympus, The Book Three The Mark of Athena (The Heroes of Olympus)', 'Lorem Ipsum I am a definition', 96, 26, 'www.example.com', '2000-01-01', 1, 1, 'http://ecx.images-amazon.com/images/I/511apJ6b%2BKL.jpg'),
('142320316X', 'Trigger Points (Quickstudy: Academic)', 'Lorem Ipsum I am a definition', 24, 18, 'www.example.com', '2000-01-01', 1, 1, 'http://ecx.images-amazon.com/images/I/51y9qRT4exL.jpg'),
('1423825101', 'Elvis Wall Calendar (2015)', 'Lorem Ipsum I am a definition', 22, 46, 'www.example.com', '2000-01-01', 1, 1, 'http://ecx.images-amazon.com/images/I/51ftAPskW9L.jpg'),
('142414603', 'Safe at Home (Comeback Kids)', 'Lorem Ipsum I am a definition', 28, 26, 'www.example.com', '2000-01-01', 1, 1, 'http://ecx.images-amazon.com/images/I/51%2Bx2MYtepL.jpg'),
('142421715', 'Crossed (Matched)', 'Lorem Ipsum I am a definition', 1, 39, 'www.example.com', '2000-01-01', 1, 1, 'http://ecx.images-amazon.com/images/I/418dVvjc2XL.jpg'),
('142500267', 'On the Fringe: Stories', 'Lorem Ipsum I am a definition', 26, 39, 'www.example.com', '2000-01-01', 1, 1, 'http://ecx.images-amazon.com/images/I/51edDGURo1L.jpg'),
('142631518X', 'Untamed: The Wild Life of Jane Goodall', 'Lorem Ipsum I am a definition', 80, 26, 'www.example.com', '2000-01-01', 1, 1, 'http://ecx.images-amazon.com/images/I/51-UdgCa7iL.jpg'),
('142671193X', 'Living as United Methodist Christians: Our Story, Our Beliefs, Our Lives', 'Lorem Ipsum I am a definition', 54, 41, 'www.example.com', '2000-01-01', 1, 1, 'http://ecx.images-amazon.com/images/I/51e%2Bxr%2BkWHL.jpg'),
('1426757298', 'An Illustrated Guide to the Holy Land for Tour Groups, Students, and Pilgrims', 'Lorem Ipsum I am a definition', 93, 35, 'www.example.com', '2000-01-01', 1, 1, 'http://ecx.images-amazon.com/images/I/51GSKfbWxxL.jpg'),
('143035444', 'A Treasury of Deception: Liars, Misleaders, Hoodwinkers, and the Extraordinary True Stories of History\'s Greatest Hoaxes, Fakes and Frauds', 'Lorem Ipsum I am a definition', 22, 36, 'www.example.com', '2000-01-01', 1, 1, 'http://ecx.images-amazon.com/images/I/514PqyMr-eL.jpg'),
('1434227804', 'Speed Receiver (Team Jake Maddox Sports Stories)', 'Lorem Ipsum I am a definition', 82, 26, 'www.example.com', '2000-01-01', 1, 1, 'http://ecx.images-amazon.com/images/I/61Ep87lCr%2BL.jpg'),
('1434703878', 'Living Crazy Love: An Interactive Workbook for Individual or Small-Group Study', 'Lorem Ipsum I am a definition', 83, 41, 'www.example.com', '2000-01-01', 1, 1, 'http://ecx.images-amazon.com/images/I/41UKJd-eHyL.jpg'),
('1435207033', 'Teasing: Deal With It Before the Joke\'s on You', 'Lorem Ipsum I am a definition', 35, 39, 'www.example.com', '2000-01-01', 1, 1, 'http://ecx.images-amazon.com/images/I/31XZWQ1efcL.jpg'),
('1435460936', 'DIY Wedding Photo and Video: Professional Techniques for the Amateur Documentarian', 'Lorem Ipsum I am a definition', 29, 34, 'www.example.com', '2000-01-01', 1, 1, 'http://ecx.images-amazon.com/images/I/61sodjqKGoL.jpg'),
('1435855027', 'Vikings (Flashback History)', 'Lorem Ipsum I am a definition', 54, 26, 'www.example.com', '2000-01-01', 1, 1, 'http://ecx.images-amazon.com/images/I/51o-IzQULZL.jpg'),
('1437702597', 'Foundations of Maternal-Newborn and Women\'s Health Nursing, 5e (Foundations of Maternal- Newborn Nursing)', 'Lorem Ipsum I am a definition', 54, 18, 'www.example.com', '2000-01-01', 1, 1, 'http://ecx.images-amazon.com/images/I/411bYSJRHRL.jpg'),
('1438005687', 'Barron\'s GRE, 21st Edition', 'Lorem Ipsum I am a definition', 74, 19, 'www.example.com', '2000-01-01', 1, 1, 'http://ecx.images-amazon.com/images/I/510l0qhi01L.jpg'),
('1438445563', 'Gandhi\'s Ascetic Activism: Renunciation and Social Action', 'Lorem Ipsum I am a definition', 43, 21, 'www.example.com', '2000-01-01', 1, 1, 'http://ecx.images-amazon.com/images/I/41UAKMfvDHL.jpg'),
('1439177368', 'Forever Young: The Science of Nutrigenomics for Glowing, Wrinkle-Free Skin and Radiant Health at Every Age', 'Lorem Ipsum I am a definition', 88, 28, 'www.example.com', '2000-01-01', 1, 1, 'http://ecx.images-amazon.com/images/I/51ON17XFxBL.jpg'),
('1439190054', 'The Shell Collector: Stories', 'Lorem Ipsum I am a definition', 82, 23, 'www.example.com', '2000-01-01', 1, 1, 'http://ecx.images-amazon.com/images/I/51CzNu02ISL.jpg'),
('1440505578', 'The Everything Bridesmaid Book: From bachelorette party planning to wedding ceremony etiquette - all you need for an unforgettable wedding', 'Lorem Ipsum I am a definition', 3, 34, 'www.example.com', '2000-01-01', 1, 1, 'http://ecx.images-amazon.com/images/I/41Gy2v-uSUL.jpg'),
('1442403527', 'It\'s Harvest Time!: A Book with Foldout Pages', 'Lorem Ipsum I am a definition', 50, 26, 'www.example.com', '2000-01-01', 1, 1, 'http://ecx.images-amazon.com/images/I/61kgq2-aIoL.jpg'),
('1442650133', 'Leadership is Half the Story: A Fresh Look at Followership, Leadership, and Collaboration (Rotman-UTP Publishing)', 'Lorem Ipsum I am a definition', 91, 29, 'www.example.com', '2000-01-01', 1, 1, 'http://ecx.images-amazon.com/images/I/41txJ7oq8fL.jpg'),
('1446302857', 'Chic & Unique Vintage Cakes: 30 Modern Cake Designs from Vintage Inspirations', 'Lorem Ipsum I am a definition', 52, 33, 'www.example.com', '2000-01-01', 1, 1, 'http://ecx.images-amazon.com/images/I/51np8jKoSYL.jpg'),
('1447424921', 'A Guide to the Decoration of Leather - A Collection of Historical Articles on Stamping, Burning, Mosaics and Other Aspects of Leather Decoration', 'Lorem Ipsum I am a definition', 47, 34, 'www.example.com', '2000-01-01', 1, 1, 'http://ecx.images-amazon.com/images/I/51MfsexdkIL.jpg'),
('1448882761', 'Hunting Dogs: Different Breeds and Special Purposes (Hunting: Pursuing Wild Game!)', 'Lorem Ipsum I am a definition', 88, 39, 'www.example.com', '2000-01-01', 1, 1, 'http://ecx.images-amazon.com/images/I/51ZYmPpoMOL.jpg'),
('1449307078', 'Making Things See: 3D vision with Kinect, Processing, Arduino, and MakerBot (Make: Books)', 'Lorem Ipsum I am a definition', 14, 32, 'www.example.com', '2000-01-01', 1, 1, 'http://ecx.images-amazon.com/images/I/51Q-qX4yGEL.jpg'),
('1449317758', 'NOOK Tablet: The Missing Manual (Missing Manuals)', 'Lorem Ipsum I am a definition', 83, 32, 'www.example.com', '2000-01-01', 1, 1, 'http://ecx.images-amazon.com/images/I/51JD4fz4ujL.jpg'),
('1449465161', 'Dilbert 2016 Mini Wall Calendar', 'Lorem Ipsum I am a definition', 78, 46, 'www.example.com', '2000-01-01', 1, 1, 'http://ecx.images-amazon.com/images/I/51wFoMfrfcL.jpg'),
('1449465269', 'Garfield 2016 Day-to-Day Calendar', 'Lorem Ipsum I am a definition', 83, 46, 'www.example.com', '2000-01-01', 1, 1, 'http://ecx.images-amazon.com/images/I/51g4FFUldvL.jpg'),
('144947067X', 'Mary Engelbreit 2015-2016 16-Month Desk Pad Calendar', 'Lorem Ipsum I am a definition', 94, 46, 'www.example.com', '2000-01-01', 1, 1, 'http://ecx.images-amazon.com/images/I/51ZKMq4G5ZL.jpg'),
('1449470734', 'A Quilt Block Every Day 2016 Wall Calendar: with 366 Blocks', 'Lorem Ipsum I am a definition', 83, 46, 'www.example.com', '2000-01-01', 1, 1, 'http://ecx.images-amazon.com/images/I/61mhXAqyZmL.jpg'),
('1449558828', 'Master Realist Techniques in Colored Pencil Painting in 4 Weeks: Projects for Beginners: Learn to draw still life, landscape, skies, fabric, glass and textures', 'Lorem Ipsum I am a definition', 43, 22, 'www.example.com', '2000-01-01', 1, 1, 'http://ecx.images-amazon.com/images/I/61LfUlBTBaL.jpg'),
('1450019021', 'A Journey with Erica to St. Vincent and the Grenadines', 'Lorem Ipsum I am a definition', 38, 35, 'www.example.com', '2000-01-01', 1, 1, 'http://ecx.images-amazon.com/images/I/51g37YKQnYL.jpg'),
('1450432786', 'Healthy Heart Book, The', 'Lorem Ipsum I am a definition', 58, 33, 'www.example.com', '2000-01-01', 1, 1, 'http://ecx.images-amazon.com/images/I/51p57bGpKsL.jpg'),
('1451146248', 'Nursing Pharmacology Made Incredibly Easy (Incredibly Easy! Series®)', 'Lorem Ipsum I am a definition', 67, 18, 'www.example.com', '2000-01-01', 1, 1, 'http://ecx.images-amazon.com/images/I/51giZZZsxiL.jpg'),
('1451472285', 'Lutherans in America: A New History', 'Lorem Ipsum I am a definition', 33, 41, 'www.example.com', '2000-01-01', 1, 1, 'http://ecx.images-amazon.com/images/I/51qEMXAnQaL.jpg'),
('1451650922', 'Eat, Play, Sleep: The Essential Guide to Your Baby\'s First Three Months', 'Lorem Ipsum I am a definition', 53, 30, 'www.example.com', '2000-01-01', 1, 1, 'http://ecx.images-amazon.com/images/I/51L1Q0YbSxL.jpg'),
('1451683405', 'Free Will', 'Lorem Ipsum I am a definition', 32, 25, 'www.example.com', '2000-01-01', 1, 1, 'http://ecx.images-amazon.com/images/I/41gDp0vKLSL.jpg'),
('1452102279', 'Star Wars: The Jedi Path', 'Lorem Ipsum I am a definition', 42, 42, 'www.example.com', '2000-01-01', 1, 1, 'http://ecx.images-amazon.com/images/I/51mGJ4PmMzL.jpg'),
('1453893954', 'GMAT 111: Tips, Tricks, and Tactics', 'Lorem Ipsum I am a definition', 22, 19, 'www.example.com', '2000-01-01', 1, 1, 'http://ecx.images-amazon.com/images/I/41VT%2B%2BQ9UCL.jpg'),
('1454802642', 'Negotiation: Processes for Problem Solving (Aspen Casebook)', 'Lorem Ipsum I am a definition', 28, 43, 'www.example.com', '2000-01-01', 1, 1, 'http://ecx.images-amazon.com/images/I/4168FoN6slL.jpg'),
('1455556998', 'The Welcome Committee of Butternut Creek: A Novel', 'Lorem Ipsum I am a definition', 86, 40, 'www.example.com', '2000-01-01', 1, 1, 'http://ecx.images-amazon.com/images/I/51w9-tFPSHL.jpg'),
('145557225X', 'The Maverick of Copper Creek (Copper Creek Cowboys)', 'Lorem Ipsum I am a definition', 65, 40, 'www.example.com', '2000-01-01', 1, 1, 'http://ecx.images-amazon.com/images/I/51YsvDPxuuL.jpg'),
('1455582662', 'The Ever After of Ella and Micha (Secret)', 'Lorem Ipsum I am a definition', 1, 23, 'www.example.com', '2000-01-01', 1, 1, 'http://ecx.images-amazon.com/images/I/51ipVDvCgRL.jpg'),
('1455709700', 'Certification Review for PeriAnesthesia Nursing, 3e (Putrycus, Certification Review for PerAnesthesia Nursing)', 'Lorem Ipsum I am a definition', 89, 19, 'www.example.com', '2000-01-01', 1, 1, 'http://ecx.images-amazon.com/images/I/41eBxXEbASL.jpg'),
('1456576097', 'Unprocessed: How to achieve vibrant health and your ideal weight.', 'Lorem Ipsum I am a definition', 44, 33, 'www.example.com', '2000-01-01', 1, 1, 'http://ecx.images-amazon.com/images/I/417yWRlaelL.jpg'),
('1456851993', '100 LATINOS 100 HISTORIAS (Spanish Edition)', 'Lorem Ipsum I am a definition', 83, 20, 'www.example.com', '2000-01-01', 1, 1, 'http://ecx.images-amazon.com/images/I/41-v%2Btf4UxL.jpg'),
('1457606712', 'Rereading America: Cultural Contexts for Critical Thinking and Writing, 9th Edition', 'Lorem Ipsum I am a definition', 53, 37, 'www.example.com', '2000-01-01', 1, 1, 'http://ecx.images-amazon.com/images/I/513rw3NG0FL.jpg'),
('1459717856', 'In the Shadow of the Pole: An Early History of Arctic Expeditions, 1871-1912', 'Lorem Ipsum I am a definition', 5, 35, 'www.example.com', '2000-01-01', 1, 1, 'http://ecx.images-amazon.com/images/I/51uxfYsHDEL.jpg'),
('146107584X', 'The Complete Insider\'s Guide to Romania: Christian Missionary Edition: 2011', 'Lorem Ipsum I am a definition', 40, 35, 'www.example.com', '2000-01-01', 1, 1, 'http://ecx.images-amazon.com/images/I/61xB1MEuuWL.jpg'),
('1461406846', 'R for SAS and SPSS Users (Statistics and Computing)', 'Lorem Ipsum I am a definition', 8, 18, 'www.example.com', '2000-01-01', 1, 1, 'http://ecx.images-amazon.com/images/I/41xrY0E4FsL.jpg'),
('1462113699', 'A is for Abinadi: An Alphabet Book of Scripture Heroes', 'Lorem Ipsum I am a definition', 88, 41, 'www.example.com', '2000-01-01', 1, 1, 'http://ecx.images-amazon.com/images/I/51jdaDPsQGL.jpg'),
('1464109222', 'Statistics for the Behavioral Sciences', 'Lorem Ipsum I am a definition', 16, 45, 'www.example.com', '2000-01-01', 1, 1, 'http://ecx.images-amazon.com/images/I/51g3fRcbU9L.jpg'),
('1464109486', 'An Introduction to Genetic Analysis', 'Lorem Ipsum I am a definition', 37, 25, 'www.example.com', '2000-01-01', 1, 1, 'http://ecx.images-amazon.com/images/I/51%2By4NkJtyL.jpg'),
('1464111723', 'Exploring Psychology, 9th Edition', 'Lorem Ipsum I am a definition', 72, 18, 'www.example.com', '2000-01-01', 1, 1, 'http://ecx.images-amazon.com/images/I/519HwDb%2BzoL.jpg'),
('1465044930', 'Montana, Wild & Scenic 2016 Square 12x12', 'Lorem Ipsum I am a definition', 40, 46, 'www.example.com', '2000-01-01', 1, 1, 'http://ecx.images-amazon.com/images/I/619u8FMqZvL.jpg'),
('1465045597', 'Portugal 2016 Square 12x12 (Multilingual Edition)', 'Lorem Ipsum I am a definition', 34, 35, 'www.example.com', '2000-01-01', 1, 1, 'http://ecx.images-amazon.com/images/I/61uOL9ngL-L.jpg'),
('1465437908', 'Bond by Design: The Art of the James Bond Films', 'Lorem Ipsum I am a definition', 63, 36, 'www.example.com', '2000-01-01', 1, 1, 'http://ecx.images-amazon.com/images/I/51yqwLc5umL.jpg'),
('1466566086', 'Oscillations and Waves: An Introduction', 'Lorem Ipsum I am a definition', 96, 25, 'www.example.com', '2000-01-01', 1, 1, 'http://ecx.images-amazon.com/images/I/41XfKAnD%2BgL.jpg'),
('1466585021', 'From Business Strategy to Information Technology Roadmap: A Practical Guide for Executives and Board Members', 'Lorem Ipsum I am a definition', 14, 32, 'www.example.com', '2000-01-01', 1, 1, 'http://ecx.images-amazon.com/images/I/51AewqYww5L.jpg'),
('1466594861', 'Human Longevity: Omega-3 Fatty Acids, Bioenergetics, Molecular Biology, and Evolution', 'Lorem Ipsum I am a definition', 32, 28, 'www.example.com', '2000-01-01', 1, 1, 'http://ecx.images-amazon.com/images/I/51Z0uFKRjtL.jpg'),
('1466598689', 'Mobile & Social Game Design: Monetization Methods and Mechanics, Second Edition', 'Lorem Ipsum I am a definition', 3, 32, 'www.example.com', '2000-01-01', 1, 1, 'http://ecx.images-amazon.com/images/I/51wRE04dZ9L.jpg'),
('1469617668', 'Sweet Potatoes: a Savor the South® cookbook (Savor the South Cookbooks)', 'Lorem Ipsum I am a definition', 53, 33, 'www.example.com', '2000-01-01', 1, 1, 'http://ecx.images-amazon.com/images/I/41GqDR3iHiL.jpg'),
('1470001381', 'Guatemala One', 'Lorem Ipsum I am a definition', 50, 35, 'www.example.com', '2000-01-01', 1, 1, 'http://ecx.images-amazon.com/images/I/41unUyBCoEL.jpg'),
('1471113116', 'Lions Triumphant: The Captain\'s Story', 'Lorem Ipsum I am a definition', 46, 31, 'www.example.com', '2000-01-01', 1, 1, 'http://ecx.images-amazon.com/images/I/51qH1t15PCL.jpg'),
('147231011X', 'The Ultimate Guide To Wild Flowers of North America (Practical Guides)', 'Lorem Ipsum I am a definition', 19, 34, 'www.example.com', '2000-01-01', 1, 1, 'http://ecx.images-amazon.com/images/I/51HSDckA5CL.jpg'),
('1472504445', 'The Comedian as Critic: Greek Old Comedy and Poetics', 'Lorem Ipsum I am a definition', 65, 36, 'www.example.com', '2000-01-01', 1, 1, 'http://ecx.images-amazon.com/images/I/51tVIKygnCL.jpg'),
('1472806905', 'Leyte 1944: Return to the Philippines (Campaign)', 'Lorem Ipsum I am a definition', 26, 38, 'www.example.com', '2000-01-01', 1, 1, 'http://ecx.images-amazon.com/images/I/51N9h8%2BvIlL.jpg'),
('147422749X', 'London Calling: Britain, the BBC World Service and the Cold War', 'Lorem Ipsum I am a definition', 15, 36, 'www.example.com', '2000-01-01', 1, 1, 'http://ecx.images-amazon.com/images/I/51uofTSZW9L.jpg'),
('147514940', 'Fantasy League', 'Lorem Ipsum I am a definition', 89, 26, 'www.example.com', '2000-01-01', 1, 1, 'http://ecx.images-amazon.com/images/I/51TI3FwVa%2BL.jpg'),
('1476735484', 'The White Queen (The Cousins\' War)', 'Lorem Ipsum I am a definition', 4, 40, 'www.example.com', '2000-01-01', 1, 1, 'http://ecx.images-amazon.com/images/I/51qpv-%2BV9%2BL.jpg'),
('1476736952', 'Strands of Sorrow (Black Tide Rising)', 'Lorem Ipsum I am a definition', 52, 42, 'www.example.com', '2000-01-01', 1, 1, 'http://ecx.images-amazon.com/images/I/61HmWM642cL.jpg'),
('1476763305', 'The Women of Duck Commander: Surprising Insights from the Women Behind the Beards About What Makes This Family Work', 'Lorem Ipsum I am a definition', 42, 20, 'www.example.com', '2000-01-01', 1, 1, 'http://ecx.images-amazon.com/images/I/51YiR4PdjZL.jpg'),
('1476779252', 'Shadow Fall (Tracers)', 'Lorem Ipsum I am a definition', 90, 40, 'www.example.com', '2000-01-01', 1, 1, 'http://ecx.images-amazon.com/images/I/51UsMAGYuyL.jpg'),
('1476783705', 'From Jailer to Jailed: My Journey from Correction and Police Commissioner to Inmate #84888-054', 'Lorem Ipsum I am a definition', 50, 43, 'www.example.com', '2000-01-01', 1, 1, 'http://ecx.images-amazon.com/images/I/515oASPu2UL.jpg'),
('1476787263', 'The Sniper and the Wolf: A Sniper Elite Novel', 'Lorem Ipsum I am a definition', 95, 47, 'www.example.com', '2000-01-01', 1, 1, 'http://ecx.images-amazon.com/images/I/51wLqV73eDL.jpg'),
('1478145579', 'A Handbook for Attorneys on Court-ordered Retirement, Health Benefits and Life Insurance Under the Civil Service Retirement Benefits, Federal ... Employees Group Life Insurance Programs', 'Lorem Ipsum I am a definition', 70, 29, 'www.example.com', '2000-01-01', 1, 1, 'http://ecx.images-amazon.com/images/I/51ourTsgC2L.jpg'),
('1478701811', 'Numeralogical Lottery', 'Lorem Ipsum I am a definition', 42, 28, 'www.example.com', '2000-01-01', 1, 1, 'http://ecx.images-amazon.com/images/I/51FtwarlA6L.jpg'),
('1479338753', 'HECHOS Documentados Que La Sociedad Watchtower No Desea Que Usted CONOZCA: Documented Watchtower Facts (Spanish Edition)', 'Lorem Ipsum I am a definition', 51, 41, 'www.example.com', '2000-01-01', 1, 1, 'http://ecx.images-amazon.com/images/I/51rv1L5CoFL.jpg'),
('1479834769', 'The Slums of Aspen: Immigrants vs. the Environment in America\'s Eden (Nation of Nations)', 'Lorem Ipsum I am a definition', 13, 29, 'www.example.com', '2000-01-01', 1, 1, 'http://ecx.images-amazon.com/images/I/61tWZaKGBUL.jpg'),
('1480174246', 'How I Got Rich With Florida Tax Lien Certificates: A step by step look at how a humble country boy got rich with Florida Tax Certificates', 'Lorem Ipsum I am a definition', 32, 29, 'www.example.com', '2000-01-01', 1, 1, 'http://ecx.images-amazon.com/images/I/51ji6-VovdL.jpg'),
('1481402102', 'This Is How It Ends', 'Lorem Ipsum I am a definition', 9, 39, 'www.example.com', '2000-01-01', 1, 1, 'http://ecx.images-amazon.com/images/I/51EarbB8QuL.jpg'),
('1481934163', 'The Acne Diet: Holistic Plan to Achieve Clear, Youthful, Acne-Free Skin with Natural Nutrition, Stress Relief and Organic Skincare', 'Lorem Ipsum I am a definition', 1, 28, 'www.example.com', '2000-01-01', 1, 1, 'http://ecx.images-amazon.com/images/I/51KRkW7EzJL.jpg'),
('1482050781', 'The Great Empty: A Novel', 'Lorem Ipsum I am a definition', 14, 23, 'www.example.com', '2000-01-01', 1, 1, 'http://ecx.images-amazon.com/images/I/51%2BqF1IWzaL.jpg'),
('148270045X', 'Fallacies of the Anti Hadith argument', 'Lorem Ipsum I am a definition', 48, 21, 'www.example.com', '2000-01-01', 1, 1, 'http://ecx.images-amazon.com/images/I/41yJr7ylM7L.jpg'),
('1489525831', 'Use Your Mind to Heal Your Body: How I used Dr. Sarno\'s medically proven treatment plan to eliminate my back pain forever', 'Lorem Ipsum I am a definition', 5, 18, 'www.example.com', '2000-01-01', 1, 1, 'http://ecx.images-amazon.com/images/I/41Cjt%2BWO-LL.jpg'),
('1490487255', 'How to Use Microsoft SharePoint 2013 on Construction Projects', 'Lorem Ipsum I am a definition', 90, 32, 'www.example.com', '2000-01-01', 1, 1, 'http://ecx.images-amazon.com/images/I/61VCkXOCjIL.jpg'),
('149048972X', 'CLEP Micro & Macro Economics Examinations Essential Study References 2013', 'Lorem Ipsum I am a definition', 38, 19, 'www.example.com', '2000-01-01', 1, 1, 'http://ecx.images-amazon.com/images/I/51aUxUejLKL.jpg'),
('149100035X', 'Lose 30 Pounds (Or More) in 30 Days With Intermittent Fasting & \'Home\' Coffee (Detoxify Your Body, Lose Weight, Get Healthy & Transform Your Life) (Volume 3)', 'Lorem Ipsum I am a definition', 4, 28, 'www.example.com', '2000-01-01', 1, 1, 'http://ecx.images-amazon.com/images/I/51rIp79w8nL.jpg'),
('1492608904', 'Hell or High Water (The Deep Six)', 'Lorem Ipsum I am a definition', 83, 40, 'www.example.com', '2000-01-01', 1, 1, 'http://ecx.images-amazon.com/images/I/5149VTiHKrL.jpg'),
('1492921629', 'U.S. Patent Prosecution for Support Staff: A Desk Reference', 'Lorem Ipsum I am a definition', 63, 43, 'www.example.com', '2000-01-01', 1, 1, 'http://ecx.images-amazon.com/images/I/519MH%2BI0aQL.jpg'),
('1493758292', 'Unnatural Talent: Creating, Printing and Selling Your Comic in the Digital Age', 'Lorem Ipsum I am a definition', 83, 44, 'www.example.com', '2000-01-01', 1, 1, 'http://ecx.images-amazon.com/images/I/51rpRrPuNwL.jpg'),
('1494354942', 'Block Island Lighthouse 2014 Weekly Calender: 2014 weekly calendar with photo of the Block Island Lighthouse', 'Lorem Ipsum I am a definition', 11, 46, 'www.example.com', '2000-01-01', 1, 1, 'http://ecx.images-amazon.com/images/I/41pQvXklIFL.jpg'),
('1494450402', '31 Almond Flour Recipes: Recipes that Work With Almond Flour', 'Lorem Ipsum I am a definition', 79, 33, 'www.example.com', '2000-01-01', 1, 1, 'http://ecx.images-amazon.com/images/I/5127STTmwIL.jpg'),
('149471292X', 'IRAC Essay Method For Law Schools: The A to Z of Awesome Law School Essay Creation.', 'Lorem Ipsum I am a definition', 94, 19, 'www.example.com', '2000-01-01', 1, 1, 'http://ecx.images-amazon.com/images/I/41ATpsw%2BJYL.jpg'),
('1495944336', 'E-Commerce Concepts', 'Lorem Ipsum I am a definition', 47, 32, 'www.example.com', '2000-01-01', 1, 1, 'http://ecx.images-amazon.com/images/I/51b4r8w9r7L.jpg'),
('1497498104', 'No Limits: Viewers Discretion Advised. (Volume 1)', 'Lorem Ipsum I am a definition', 19, 40, 'www.example.com', '2000-01-01', 1, 1, 'http://ecx.images-amazon.com/images/I/51pDrNWC1NL.jpg'),
('1499793871', 'Secrets of Dethroned Royalty', 'Lorem Ipsum I am a definition', 8, 20, 'www.example.com', '2000-01-01', 1, 1, 'http://ecx.images-amazon.com/images/I/51IeqVUMxpL.jpg'),
('1500175811', 'IBS Cookbook: Irritable Bowel Syndrome Natural Relief Guide and Cookbook', 'Lorem Ipsum I am a definition', 10, 28, 'www.example.com', '2000-01-01', 1, 1, 'http://ecx.images-amazon.com/images/I/51YNVjJIEUL.jpg'),
('1500444383', 'Norcal 2025', 'Lorem Ipsum I am a definition', 4, 42, 'www.example.com', '2000-01-01', 1, 1, 'http://ecx.images-amazon.com/images/I/51CsAYAoAoL.jpg');
INSERT INTO `books` (`isbn`, `title`, `description`, `price`, `categoryId`, `previewLink`, `publicationDate`, `edition`, `publisherId`, `displayImage`) VALUES
('1500758868', 'Lost Love Handles: Get Rid of Love Handles Fast The Shortcut Guide to a Sexy Waisttline', 'Lorem Ipsum I am a definition', 17, 28, 'www.example.com', '2000-01-01', 1, 1, 'http://ecx.images-amazon.com/images/I/51ltfm-olEL.jpg'),
('1500779091', 'Keoni: The Trilogy (Keoni the Menehune) (Volume 4)', 'Lorem Ipsum I am a definition', 13, 30, 'www.example.com', '2000-01-01', 1, 1, 'http://ecx.images-amazon.com/images/I/51WgqEAeT0L.jpg'),
('1501002619', 'This Is Tanzania: The diary of an Englishman in Africa', 'Lorem Ipsum I am a definition', 73, 35, 'www.example.com', '2000-01-01', 1, 1, 'http://ecx.images-amazon.com/images/I/51yl2vSA6xL.jpg'),
('1501700251', 'Photo Guide to Birds of Costa Rica (Zona Tropical Publications)', 'Lorem Ipsum I am a definition', 31, 31, 'www.example.com', '2000-01-01', 1, 1, 'http://ecx.images-amazon.com/images/I/51nQT7sTZbL.jpg'),
('1502430134', 'Axel y Keira (Spanish Edition)', 'Lorem Ipsum I am a definition', 50, 39, 'www.example.com', '2000-01-01', 1, 1, 'http://ecx.images-amazon.com/images/I/51Rdy6CGBaL.jpg'),
('1504015487', 'The Grand Design: A Novel', 'Lorem Ipsum I am a definition', 45, 36, 'www.example.com', '2000-01-01', 1, 1, 'http://ecx.images-amazon.com/images/I/51IEjXAh5lL.jpg'),
('1505343828', 'Missy\'s Misadventure (Missy the Werecat) (Volume 4)', 'Lorem Ipsum I am a definition', 9, 42, 'www.example.com', '2000-01-01', 1, 1, 'http://ecx.images-amazon.com/images/I/51bJEvIvb1L.jpg'),
('1505396603', 'A Social Security Owner\'s Manual, 3rd Edition: Your Guide to Social Security Retirement, Dependent\'s, and Survivor\'s Benefits', 'Lorem Ipsum I am a definition', 28, 29, 'www.example.com', '2000-01-01', 1, 1, 'http://ecx.images-amazon.com/images/I/51gYRiiTRIL.jpg'),
('1505499356', 'The Beginners Creative Real Estate Investing Course for Flipping Houses: That\'s Not Like All the Other House Flipping Books...', 'Lorem Ipsum I am a definition', 95, 29, 'www.example.com', '2000-01-01', 1, 1, 'http://ecx.images-amazon.com/images/I/51r2P07Gn8L.jpg'),
('1507899327', 'Illinois Evidence Rules Courtroom Quick Reference: 2015', 'Lorem Ipsum I am a definition', 42, 43, 'www.example.com', '2000-01-01', 1, 1, 'http://ecx.images-amazon.com/images/I/51b0AUO3%2BdL.jpg'),
('1508642613', 'Quilting Calendar 2015: 16 Month Calendar', 'Lorem Ipsum I am a definition', 65, 46, 'www.example.com', '2000-01-01', 1, 1, 'http://ecx.images-amazon.com/images/I/613uxlyIFtL.jpg'),
('150867387X', 'A Smarter Way to Learn HTML & CSS: Learn it faster. Remember it longer. (Volume 2)', 'Lorem Ipsum I am a definition', 63, 32, 'www.example.com', '2000-01-01', 1, 1, 'http://ecx.images-amazon.com/images/I/513BXr7fSuL.jpg'),
('1508768803', 'Address Book (Jumbo Address Books (Nature Collection) ) (Volume 12)', 'Lorem Ipsum I am a definition', 17, 29, 'www.example.com', '2000-01-01', 1, 1, 'http://ecx.images-amazon.com/images/I/51EZVSwC4oL.jpg'),
('1508958734', 'The Prostate Massage Manual: What Every Man Needs To Know For Better Prostate Health and Sexual Pleasure', 'Lorem Ipsum I am a definition', 98, 28, 'www.example.com', '2000-01-01', 1, 1, 'http://ecx.images-amazon.com/images/I/51KQXQcfz4L.jpg'),
('151003076', 'The Curious Sofa: A Pornographic Work by Ogdred Weary', 'Lorem Ipsum I am a definition', 83, 44, 'www.example.com', '2000-01-01', 1, 1, 'http://ecx.images-amazon.com/images/I/51sRH4pB%2BcL.jpg'),
('151157500X', 'Essential Oil Recipes: Top Essential Oil Recipes for Weight Loss, Beauty, Anti-Aging, Natural Cleaning, Natural Living, Natural Cures and Healthy ... Essential Oil Recipe Guide ) (Volume 1)', 'Lorem Ipsum I am a definition', 11, 28, 'www.example.com', '2000-01-01', 1, 1, 'http://ecx.images-amazon.com/images/I/518LRL7aIcL.jpg'),
('1511917946', 'Swimming: Swimming Made Easy- Beginner and Expert Strategies For Becoming A Better Swimmer (Swimming, Swimmers Guide, Swim Strokes, Swimming Better)', 'Lorem Ipsum I am a definition', 58, 31, 'www.example.com', '2000-01-01', 1, 1, 'http://ecx.images-amazon.com/images/I/51hFggrZpWL.jpg'),
('1511922109', 'Address Book (Beautiful and Simple Address Books-Jumbo Size Floral Paisley) (Volume 1)', 'Lorem Ipsum I am a definition', 92, 29, 'www.example.com', '2000-01-01', 1, 1, 'http://ecx.images-amazon.com/images/I/51z5U-Kyj1L.jpg'),
('1512056499', 'The Juice Habit Made Easy: with tips, tricks & healthy fruit & vegetable recipes (The Personal Detox Coach\'s Simple Guide To Healthy Living Series ) (Volume 1)', 'Lorem Ipsum I am a definition', 65, 33, 'www.example.com', '2000-01-01', 1, 1, 'http://ecx.images-amazon.com/images/I/51WhxcXGFQL.jpg'),
('1514196239', 'Anti Inflammatory Cookbook - 50 Slow Cooker Recipes With Anti - Inflammatory Ingredients: Great For Gout! (Slow Cooker Cookbooks)', 'Lorem Ipsum I am a definition', 98, 33, 'www.example.com', '2000-01-01', 1, 1, 'http://ecx.images-amazon.com/images/I/5178fq2DV3L.jpg'),
('1514393980', 'Top 14 Places to Visit in Norway - Top 14 Norway Travel Guide', 'Lorem Ipsum I am a definition', 35, 35, 'www.example.com', '2000-01-01', 1, 1, 'http://ecx.images-amazon.com/images/I/51bQ76OH6zL.jpg'),
('1515145700', 'Loved by a SEAL: Hot SEALs (Volume 6)', 'Lorem Ipsum I am a definition', 87, 40, 'www.example.com', '2000-01-01', 1, 1, 'http://ecx.images-amazon.com/images/I/517F%2Bv3VvSL.jpg'),
('1515196577', 'Ancient Maps Calendar 2016: 16 Month Calendar', 'Lorem Ipsum I am a definition', 83, 46, 'www.example.com', '2000-01-01', 1, 1, 'http://ecx.images-amazon.com/images/I/51FROcWj0jL.jpg'),
('1516819985', 'If You\'re Not Cheating, You\'re Not Trying: Tips, Tricks, Techniques, and Cheats for Winning in MMA,   BJJ, Boxing and Wrestling (Brazilian Jiu Jitsu, ... Judo, Fighting, Combat Sports, Winning Guide)', 'Lorem Ipsum I am a definition', 7, 31, 'www.example.com', '2000-01-01', 1, 1, 'http://ecx.images-amazon.com/images/I/51puEJ0KH5L.jpg'),
('1517109558', 'We Can Build Community', 'Lorem Ipsum I am a definition', 13, 27, 'www.example.com', '2000-01-01', 1, 1, 'http://ecx.images-amazon.com/images/I/41-kkJvA8IL.jpg'),
('1517165733', 'Travel book New Caledonia: Travel journal. Traveler\'s notebook. Carnet de voyage Nouvelle Calédonie. Diary Traveling', 'Lorem Ipsum I am a definition', 96, 35, 'www.example.com', '2000-01-01', 1, 1, 'http://ecx.images-amazon.com/images/I/41Nnyfd0RmL.jpg'),
('151717032X', 'Inspiration & Gratitude Guided Daily Journal: 6\"x9\" notebook with black cover 202 Pages undated daily prompts Two Page Spread per Day - Ideal journal ... images, drawings, doodles and free writing.', 'Lorem Ipsum I am a definition', 98, 27, 'www.example.com', '2000-01-01', 1, 1, 'http://ecx.images-amazon.com/images/I/41E%2BRsoXjLL.jpg'),
('1517238870', 'Minecraft Combat Handbook: How to Destroy Your Enemies and Win Every Battle in Minecraft (An Unofficial Minecraft Combat Handbook) (minecraft combat handbook, minecraft pocket edition, minecraft)', 'Lorem Ipsum I am a definition', 90, 36, 'www.example.com', '2000-01-01', 1, 1, 'http://ecx.images-amazon.com/images/I/51NOmvr2AeL.jpg'),
('1517383706', 'Never Forget About Me', 'Lorem Ipsum I am a definition', 42, 23, 'www.example.com', '2000-01-01', 1, 1, 'http://ecx.images-amazon.com/images/I/41pnyAVQMCL.jpg'),
('1517486068', 'For the Love of 2am: Poetry For Insomniacs', 'Lorem Ipsum I am a definition', 31, 23, 'www.example.com', '2000-01-01', 1, 1, 'http://ecx.images-amazon.com/images/I/41dESb94nVL.jpg'),
('1517500532', 'Highland Harmony: Avelina and Drew (Clan Grant Series) (Volume 8)', 'Lorem Ipsum I am a definition', 79, 40, 'www.example.com', '2000-01-01', 1, 1, 'http://ecx.images-amazon.com/images/I/51ISJZX4GXL.jpg'),
('1517555914', 'Guns Coloring Book for Grown-Ups 2 (Volume 2)', 'Lorem Ipsum I am a definition', 72, 34, 'www.example.com', '2000-01-01', 1, 1, 'http://ecx.images-amazon.com/images/I/414SIYsxeaL.jpg'),
('1517720621', 'Mas Heru: The Birth of an Ancient King', 'Lorem Ipsum I am a definition', 34, 26, 'www.example.com', '2000-01-01', 1, 1, 'http://ecx.images-amazon.com/images/I/51a1jy2s4xL.jpg'),
('1517740185', 'Life with God for Children: Fifth and Sixth Grade (Volume 4)', 'Lorem Ipsum I am a definition', 84, 41, 'www.example.com', '2000-01-01', 1, 1, 'http://ecx.images-amazon.com/images/I/51uAZg3QQHL.jpg'),
('1517777933', 'Evernote In 90 Minutes Or Less: Declutter and organize your life by going completely paperless', 'Lorem Ipsum I am a definition', 99, 32, 'www.example.com', '2000-01-01', 1, 1, 'http://ecx.images-amazon.com/images/I/51zCNpyMM-L.jpg'),
('1518639216', 'Pegan Diet  Cookbook: Quick and Easy Pegan Recipes  Bringing the Best of  the Paleo and Vegan  Diets Together  for Healthy Eating', 'Lorem Ipsum I am a definition', 19, 33, 'www.example.com', '2000-01-01', 1, 1, 'http://ecx.images-amazon.com/images/I/51LiyfX%2Bz7L.jpg'),
('152058761', 'Young Royals Boxed Set: The Tudor Women', 'Lorem Ipsum I am a definition', 79, 39, 'www.example.com', '2000-01-01', 1, 1, 'http://ecx.images-amazon.com/images/I/51ubEJlX5fL.jpg'),
('152427309', 'King Bidgood\'s in the Bathtub', 'Lorem Ipsum I am a definition', 45, 26, 'www.example.com', '2000-01-01', 1, 1, 'http://ecx.images-amazon.com/images/I/51sTNbOktmL.jpg'),
('153003804', 'Diary of Anne Frank', 'Lorem Ipsum I am a definition', 23, 38, 'www.example.com', '2000-01-01', 1, 1, 'http://ecx.images-amazon.com/images/I/51JXp76wG1L.jpg'),
('1550173901', 'How Old is that Mountain?', 'Lorem Ipsum I am a definition', 25, 35, 'www.example.com', '2000-01-01', 1, 1, 'http://ecx.images-amazon.com/images/I/415oKwBLHyL.jpg'),
('1550289764', 'Forever Champions: The Enduring Legacy of the Edmonton Grads Women\'s Basketball Team (Lorimer Recordbooks)', 'Lorem Ipsum I am a definition', 8, 39, 'www.example.com', '2000-01-01', 1, 1, 'http://ecx.images-amazon.com/images/I/51S3oO1kw6L.jpg'),
('1552452700', 'All My Friends Are Superheroes', 'Lorem Ipsum I am a definition', 87, 42, 'www.example.com', '2000-01-01', 1, 1, 'http://ecx.images-amazon.com/images/I/51b5De9ps8L.jpg'),
('1553412621', 'Jamaica Travel Reference Map 1:250 000', 'Lorem Ipsum I am a definition', 74, 35, 'www.example.com', '2000-01-01', 1, 1, 'http://ecx.images-amazon.com/images/I/41SYV9H1ENL.jpg'),
('1556431171', 'The Rosen Method of Movement', 'Lorem Ipsum I am a definition', 66, 28, 'www.example.com', '2000-01-01', 1, 1, 'http://ecx.images-amazon.com/images/I/518ucerLOfL.jpg'),
('1557044686', 'The Words of Gandhi (Newmarket Words Of Series)', 'Lorem Ipsum I am a definition', 77, 21, 'www.example.com', '2000-01-01', 1, 1, 'http://ecx.images-amazon.com/images/I/410oYwwjssL.jpg'),
('155725639X', 'The Complete Julian of Norwich (Paraclete Giants)', 'Lorem Ipsum I am a definition', 3, 41, 'www.example.com', '2000-01-01', 1, 1, 'http://ecx.images-amazon.com/images/I/51nby8hsPaL.jpg'),
('1557882177', 'Mable Hoffman\'s Crockery Cookery, Revised Edition', 'Lorem Ipsum I am a definition', 55, 33, 'www.example.com', '2000-01-01', 1, 1, 'http://ecx.images-amazon.com/images/I/51-fLL2WhqL.jpg'),
('1557885109', 'The Gluten-Free Vegetarian Kitchen: Delicious and Nutritious Wheat-Free, Gluten-Free Dishes', 'Lorem Ipsum I am a definition', 47, 33, 'www.example.com', '2000-01-01', 1, 1, 'http://ecx.images-amazon.com/images/I/41UMqcJRFuL.jpg'),
('1558320385', 'Active Birth: The New Approach to Giving Birth Naturally (Non)', 'Lorem Ipsum I am a definition', 19, 30, 'www.example.com', '2000-01-01', 1, 1, 'http://ecx.images-amazon.com/images/I/51GynpJFAQL.jpg'),
('1558322027', 'The Ultimate Rice Cooker Cookbook', 'Lorem Ipsum I am a definition', 98, 33, 'www.example.com', '2000-01-01', 1, 1, 'http://ecx.images-amazon.com/images/I/51K4EnxPzPL.jpg'),
('155868848X', 'California: Portrait of a State (Portrait of a Place)', 'Lorem Ipsum I am a definition', 3, 35, 'www.example.com', '2000-01-01', 1, 1, 'http://ecx.images-amazon.com/images/I/61DQFsrksEL.jpg'),
('1558689362', 'Culture Shock! Korea: A Survival Guide to Customs and Etiquette (Culture Shock! A Survival Guide to Customs & Etiquette)', 'Lorem Ipsum I am a definition', 24, 35, 'www.example.com', '2000-01-01', 1, 1, 'http://ecx.images-amazon.com/images/I/51CLafoLT0L.jpg'),
('155868946X', 'Culture Shock! Bahrain: A Survival Guide to Customs and Etiquette (Culture Shock! Guides) (Culture Shock! A Survival Guide to Customs & Etiquette)', 'Lorem Ipsum I am a definition', 90, 35, 'www.example.com', '2000-01-01', 1, 1, 'http://ecx.images-amazon.com/images/I/41dflInlCiL.jpg'),
('155885424X', 'Cesar Chavez: The Struggle for Justice / Cesar Chavez: La lucha por la justicia', 'Lorem Ipsum I am a definition', 30, 26, 'www.example.com', '2000-01-01', 1, 1, 'http://ecx.images-amazon.com/images/I/51evQaXqhlL.jpg'),
('1558963758', 'Everyday Spiritual Practice: Simple Pathways for Enriching Your Life', 'Lorem Ipsum I am a definition', 85, 21, 'www.example.com', '2000-01-01', 1, 1, 'http://ecx.images-amazon.com/images/I/51hLvq0yiRL.jpg'),
('1559630620', 'Plastics: America\'s Packaging Dilemma (Island Press Critical Issues Series)', 'Lorem Ipsum I am a definition', 93, 25, 'www.example.com', '2000-01-01', 1, 1, 'http://ecx.images-amazon.com/images/I/51Y2pTdUbLL.jpg'),
('1560069619', 'History of Sports: Volleyball', 'Lorem Ipsum I am a definition', 12, 31, 'www.example.com', '2000-01-01', 1, 1, 'http://ecx.images-amazon.com/images/I/51OEveLCO%2BL.jpg'),
('156028158', 'Odd Girl Speaks Out: Girls Write about Bullies, Cliques, Popularity, and Jealousy', 'Lorem Ipsum I am a definition', 53, 30, 'www.example.com', '2000-01-01', 1, 1, 'http://ecx.images-amazon.com/images/I/415-oT7CLAL.jpg'),
('1560443952', 'Hiking Vermont (State Hiking Guides Series)', 'Lorem Ipsum I am a definition', 57, 35, 'www.example.com', '2000-01-01', 1, 1, 'http://ecx.images-amazon.com/images/I/71YM54BWE1L.gif'),
('1560763418', 'Greyhawk Adventures: From the Ashes/Boxed Set (Advanced Dungeons & Dragons, 2nd ed)', 'Lorem Ipsum I am a definition', 2, 36, 'www.example.com', '2000-01-01', 1, 1, 'http://ecx.images-amazon.com/images/I/517TXsMtohL.jpg'),
('1561632112', 'Tranceptor: The Way Station (Tranceptor Book One)', 'Lorem Ipsum I am a definition', 37, 44, 'www.example.com', '2000-01-01', 1, 1, 'http://ecx.images-amazon.com/images/I/5140X39JTGL.jpg'),
('1563675862', 'Technical Sourcebook for Designers', 'Lorem Ipsum I am a definition', 70, 29, 'www.example.com', '2000-01-01', 1, 1, 'http://ecx.images-amazon.com/images/I/31ZImfioh4L.jpg'),
('1563683008', 'Alone in the Mainstream: A Deaf Woman Remembers Public School (Deaf Lives)', 'Lorem Ipsum I am a definition', 36, 45, 'www.example.com', '2000-01-01', 1, 1, 'http://ecx.images-amazon.com/images/I/41TED3DY7CL.jpg'),
('1563832747', 'But No Elephants (Once Upon a Time)', 'Lorem Ipsum I am a definition', 46, 26, 'www.example.com', '2000-01-01', 1, 1, 'http://ecx.images-amazon.com/images/I/51Xs%2Bwg%2BRML.jpg'),
('1563891654', 'The Big Book of Urban Legends: 200 True Stories, Too Good to be True!', 'Lorem Ipsum I am a definition', 92, 36, 'www.example.com', '2000-01-01', 1, 1, 'http://ecx.images-amazon.com/images/I/61TD9DGMENL.jpg'),
('1564967425', 'Mosaics Inside & Out: Patterns and Inspirations for 17 Mosaic Projects', 'Lorem Ipsum I am a definition', 59, 34, 'www.example.com', '2000-01-01', 1, 1, 'http://ecx.images-amazon.com/images/I/61zJetR%2BnFL.jpg'),
('1565042689', 'Clanbook: Malkavian, Revised Edition (Vampire: The Masquerade Clanbooks)', 'Lorem Ipsum I am a definition', 57, 42, 'www.example.com', '2000-01-01', 1, 1, 'http://ecx.images-amazon.com/images/I/51G2Y9R1QFL.jpg'),
('1566081513', 'More Christmas on Stage: An Anthology of Royalty-Free Christmas Plays', 'Lorem Ipsum I am a definition', 1, 23, 'www.example.com', '2000-01-01', 1, 1, 'http://ecx.images-amazon.com/images/I/51tuZK1fOML.jpg'),
('1566477166', 'Growing Hawaii\'s Native Plants: A Simple Step-by-Step Approach for Every Species', 'Lorem Ipsum I am a definition', 72, 34, 'www.example.com', '2000-01-01', 1, 1, 'http://ecx.images-amazon.com/images/I/61gy9RISjNL.jpg'),
('1566567467', 'Yemen: Jewel of Arabia', 'Lorem Ipsum I am a definition', 12, 35, 'www.example.com', '2000-01-01', 1, 1, 'http://ecx.images-amazon.com/images/I/51Ao2zFHYgL.jpg'),
('1566701082', 'Hazardous Laboratory Chemicals Disposal Guide, Second Edition', 'Lorem Ipsum I am a definition', 19, 25, 'www.example.com', '2000-01-01', 1, 1, 'http://ecx.images-amazon.com/images/I/41KxQK4tjcL.jpg'),
('1566917816', 'Moon Yucatan Peninsula: Including Chiapas (Moon Handbooks)', 'Lorem Ipsum I am a definition', 96, 35, 'www.example.com', '2000-01-01', 1, 1, 'http://ecx.images-amazon.com/images/I/51Vz6EgQzaL.jpg'),
('1567181309', 'Sacred Magic Of Ancient Egypt: The Spiritual Practice Restored', 'Lorem Ipsum I am a definition', 84, 38, 'www.example.com', '2000-01-01', 1, 1, 'http://ecx.images-amazon.com/images/I/41KE3YecEnL.jpg'),
('1567184561', 'The Magical Power of the Saints: Evocation and Candle Rituals', 'Lorem Ipsum I am a definition', 61, 21, 'www.example.com', '2000-01-01', 1, 1, 'http://ecx.images-amazon.com/images/I/51G-4OL92ZL.jpg'),
('1567404294', 'The Miracle of Castel Di Sangro', 'Lorem Ipsum I am a definition', 9, 20, 'www.example.com', '2000-01-01', 1, 1, 'http://ecx.images-amazon.com/images/I/51-qMt1dInL.jpg'),
('1567651046', 'Vocabulary for the College Bound Student', 'Lorem Ipsum I am a definition', 59, 39, 'www.example.com', '2000-01-01', 1, 1, 'http://ecx.images-amazon.com/images/I/513K01ND32L.jpg'),
('156792400X', 'Ring of Bright Water (Nonpareil Books)', 'Lorem Ipsum I am a definition', 27, 36, 'www.example.com', '2000-01-01', 1, 1, 'http://ecx.images-amazon.com/images/I/51ZDDIRyR5L.jpg'),
('1568363915', 'Totto-Chan: The Little Girl at the Window', 'Lorem Ipsum I am a definition', 61, 20, 'www.example.com', '2000-01-01', 1, 1, 'http://ecx.images-amazon.com/images/I/41o9KajOTeL.jpg'),
('1568591845', 'When Zarathustra Spoke: The Reformation Of Neolithic Culture And Religion (Bibliotheca Iranica: Zoroastrian Studies)', 'Lorem Ipsum I am a definition', 44, 21, 'www.example.com', '2000-01-01', 1, 1, 'http://ecx.images-amazon.com/images/I/412GcWvG%2BPL.jpg'),
('1568813260', 'Fluid Simulation for Computer Graphics', 'Lorem Ipsum I am a definition', 53, 32, 'www.example.com', '2000-01-01', 1, 1, 'http://ecx.images-amazon.com/images/I/51Y%2BAlb5S-L.jpg'),
('1569905142', 'Materials Science of Polymers for Engineers 3E', 'Lorem Ipsum I am a definition', 18, 24, 'www.example.com', '2000-01-01', 1, 1, 'http://ecx.images-amazon.com/images/I/411Fd0QEBhL.jpg'),
('1570430373', 'The Spiritual Notebook', 'Lorem Ipsum I am a definition', 51, 21, 'www.example.com', '2000-01-01', 1, 1, 'http://ecx.images-amazon.com/images/I/51upKScjrUL.jpg'),
('1570431183', '35 Golden Keys to Who You Are & Why You\'re Here', 'Lorem Ipsum I am a definition', 98, 21, 'www.example.com', '2000-01-01', 1, 1, 'http://ecx.images-amazon.com/images/I/41o53l6fVWL.jpg'),
('157062903X', 'Lovingkindness: The Revolutionary Art of Happiness (Shambhala Classics)', 'Lorem Ipsum I am a definition', 9, 28, 'www.example.com', '2000-01-01', 1, 1, 'http://ecx.images-amazon.com/images/I/51WYeauis-L.jpg'),
('1570766606', 'What Horses Reveal: From First Meeting to Friend for Life', 'Lorem Ipsum I am a definition', 0, 31, 'www.example.com', '2000-01-01', 1, 1, 'http://ecx.images-amazon.com/images/I/51LBdueNQVL.jpg'),
('1571312757', 'At the End of Ridge Road', 'Lorem Ipsum I am a definition', 93, 39, 'www.example.com', '2000-01-01', 1, 1, 'http://ecx.images-amazon.com/images/I/51XSyVfln2L.jpg'),
('1571313109', 'The Windows of Brimnes: An American in Iceland', 'Lorem Ipsum I am a definition', 10, 35, 'www.example.com', '2000-01-01', 1, 1, 'http://ecx.images-amazon.com/images/I/41GowtlnySL.jpg'),
('1571743383', 'Prolonging Health: Mastering the 10 Factors of Longevity', 'Lorem Ipsum I am a definition', 46, 28, 'www.example.com', '2000-01-01', 1, 1, 'http://ecx.images-amazon.com/images/I/51slnlaitdL.jpg'),
('1572226986', 'Russian Grammar (Quickstudy: Academic)', 'Lorem Ipsum I am a definition', 57, 37, 'www.example.com', '2000-01-01', 1, 1, 'http://ecx.images-amazon.com/images/I/51bazlq7u6L.jpg'),
('1572245255', 'Trigger Point Therapy for Headaches and Migraines: Your Self -Treatment Workbook for Pain Relief', 'Lorem Ipsum I am a definition', 75, 28, 'www.example.com', '2000-01-01', 1, 1, 'http://ecx.images-amazon.com/images/I/51oRgxnXZPL.jpg'),
('1572248483', 'Free from OCD: A Workbook for Teens with Obsessive-Compulsive Disorder', 'Lorem Ipsum I am a definition', 16, 39, 'www.example.com', '2000-01-01', 1, 1, 'http://ecx.images-amazon.com/images/I/51WLN3FMKtL.jpg'),
('1573561207', 'Outstanding Women Athletes: Who They Are and How They Influenced Sports In America', 'Lorem Ipsum I am a definition', 49, 31, 'www.example.com', '2000-01-01', 1, 1, 'http://ecx.images-amazon.com/images/I/517Pj8dOHxL.jpg'),
('1574219944', 'Flower Mandalas Coloring Book (Coloring Activity Book)', 'Lorem Ipsum I am a definition', 50, 22, 'www.example.com', '2000-01-01', 1, 1, 'http://ecx.images-amazon.com/images/I/61yD9tMMkVL.jpg'),
('1574321269', 'Collector\'s Guide to Vintage Televisions: Identification & Values', 'Lorem Ipsum I am a definition', 77, 34, 'www.example.com', '2000-01-01', 1, 1, 'http://ecx.images-amazon.com/images/I/51Z2RBGHARL.jpg'),
('1574324330', 'Collector\'s Encyclopedia of Bookends, Identification & Values', 'Lorem Ipsum I am a definition', 35, 34, 'www.example.com', '2000-01-01', 1, 1, 'http://ecx.images-amazon.com/images/I/612aWPerx8L.jpg'),
('1574324543', 'Collector\'s Encyclopedia Of Stangl Artware, Lamps, and Birds: Identification & Values (Collector\'s Encyclopedia of Stangl Artware, Lamps, and Birds) 2nd Edition', 'Lorem Ipsum I am a definition', 18, 34, 'www.example.com', '2000-01-01', 1, 1, 'http://ecx.images-amazon.com/images/I/51AtiZ33qlL.jpg'),
('1575054876', 'Jesse Owens (On My Own Biographies)', 'Lorem Ipsum I am a definition', 5, 26, 'www.example.com', '2000-01-01', 1, 1, 'http://ecx.images-amazon.com/images/I/51VaRFvP7kL.jpg'),
('157510136X', 'Downhill in Montana: Early Day Skiing in the Treasure State and Yellowstone National Park: A Pictoral History', 'Lorem Ipsum I am a definition', 62, 35, 'www.example.com', '2000-01-01', 1, 1, 'http://ecx.images-amazon.com/images/I/51sNllDpAqL.jpg'),
('157731512X', 'Hiring the Heavens: A Practical Guide to Developing Working Relationships with the Spirits of Creation', 'Lorem Ipsum I am a definition', 72, 21, 'www.example.com', '2000-01-01', 1, 1, 'http://ecx.images-amazon.com/images/I/51knps4zMHL.jpg'),
('1578634172', 'Gems from the Equinox: Instructions by Aleister Crowley for His Own Magical Order', 'Lorem Ipsum I am a definition', 48, 21, 'www.example.com', '2000-01-01', 1, 1, 'http://ecx.images-amazon.com/images/I/41uhmxTam-L.jpg'),
('1579101690', 'Hosea: The Heart and Holiness of God', 'Lorem Ipsum I am a definition', 21, 41, 'www.example.com', '2000-01-01', 1, 1, 'http://ecx.images-amazon.com/images/I/41J6QVKYT9L.jpg'),
('1579902308', 'The Chairmaker\'s Workshop: Handcrafting Windsor and Post-and-Rung Chairs', 'Lorem Ipsum I am a definition', 73, 34, 'www.example.com', '2000-01-01', 1, 1, 'http://ecx.images-amazon.com/images/I/51T80VGZQZL.jpg'),
('1580237959', 'A Partner in Holiness: Deepening Mindfulness, Practicing Compassion and Enriching Our Lives Through the Wisdom of R. Levi Yitzhak of Berdichev\'s, Vol. 2  (Institute for Jewish Spirituality)', 'Lorem Ipsum I am a definition', 74, 21, 'www.example.com', '2000-01-01', 1, 1, 'http://ecx.images-amazon.com/images/I/51pum0eWe4L.jpg'),
('1580404553', 'The Diabetes Fast-Fix Slow-Cooker Cookbook: Fresh Twists on Family Favorites', 'Lorem Ipsum I am a definition', 93, 33, 'www.example.com', '2000-01-01', 1, 1, 'http://ecx.images-amazon.com/images/I/51jtNr5sj7L.jpg'),
('1580422519', 'Playing Blackjack to Win: A New Strategy for the Game of 21', 'Lorem Ipsum I am a definition', 62, 36, 'www.example.com', '2000-01-01', 1, 1, 'http://ecx.images-amazon.com/images/I/51Z8gWwb8qL.jpg'),
('1580934501', 'Thomas Heatherwick: Making', 'Lorem Ipsum I am a definition', 90, 22, 'www.example.com', '2000-01-01', 1, 1, 'http://ecx.images-amazon.com/images/I/61ZhvcyFsxL.jpg'),
('1581809085', 'Wild Tiles: Creative Mosaic Projects for Your Home', 'Lorem Ipsum I am a definition', 5, 34, 'www.example.com', '2000-01-01', 1, 1, 'http://ecx.images-amazon.com/images/I/5167bUSCKlL.jpg'),
('1582615845', 'John Laskowski\'s Tales from the Hoosier Locker Room', 'Lorem Ipsum I am a definition', 19, 31, 'www.example.com', '2000-01-01', 1, 1, 'http://ecx.images-amazon.com/images/I/51xkBqWrutL.jpg'),
('1583217282', 'Wastewater Operator Certification Study Guide', 'Lorem Ipsum I am a definition', 24, 19, 'www.example.com', '2000-01-01', 1, 1, 'http://ecx.images-amazon.com/images/I/51TImHiIT%2BL.jpg'),
('1583242600', 'Visual Math Dictionary', 'Lorem Ipsum I am a definition', 11, 25, 'www.example.com', '2000-01-01', 1, 1, 'http://ecx.images-amazon.com/images/I/51OXGwk5VQL.jpg'),
('1583333010', 'Sleep: A Groundbreaking Guide to the Mysteries, the Problems, and the Solutions', 'Lorem Ipsum I am a definition', 73, 28, 'www.example.com', '2000-01-01', 1, 1, 'http://ecx.images-amazon.com/images/I/51MQLsnzz-L.jpg'),
('1583334769', 'Coping with Concussion and Mild Traumatic Brain Injury: A Guide to Living with the Challenges Associated with Post Concussion Syndrome and Brain Trauma', 'Lorem Ipsum I am a definition', 21, 28, 'www.example.com', '2000-01-01', 1, 1, 'http://ecx.images-amazon.com/images/I/51FcTxeP8fL.jpg'),
('1583417729', 'The Story of the Tampa Bay Buccaneers (NFL Today (Creative))', 'Lorem Ipsum I am a definition', 86, 39, 'www.example.com', '2000-01-01', 1, 1, 'http://ecx.images-amazon.com/images/I/51qUlc-hV9L.jpg'),
('1583419543', 'The Story of the New Orleans Hornets (The NBA: a History of Hoops)', 'Lorem Ipsum I am a definition', 95, 39, 'www.example.com', '2000-01-01', 1, 1, 'http://ecx.images-amazon.com/images/I/51AiMilDWpL.jpg'),
('1583550747', 'Eastern Backyard Birds: A Folding Pocket Guide to Familiar Urban Species (Pocket Naturalist Guide Series)', 'Lorem Ipsum I am a definition', 31, 35, 'www.example.com', '2000-01-01', 1, 1, 'http://ecx.images-amazon.com/images/I/51PgdH0GpDL.jpg'),
('1583551182', 'Texas Birds: A Folding Pocket Guide to Familiar Species (Pocket Naturalist Guide Series)', 'Lorem Ipsum I am a definition', 58, 35, 'www.example.com', '2000-01-01', 1, 1, 'http://ecx.images-amazon.com/images/I/41Ks0uyRNaL.jpg'),
('1585189251', 'Coaching the Complete Triple Gun Offense', 'Lorem Ipsum I am a definition', 18, 31, 'www.example.com', '2000-01-01', 1, 1, 'http://ecx.images-amazon.com/images/I/51ZlinVOoVL.jpg'),
('1585425621', 'Perfect Balance: Create Time and Space for All Parts of Your Life', 'Lorem Ipsum I am a definition', 8, 29, 'www.example.com', '2000-01-01', 1, 1, 'http://ecx.images-amazon.com/images/I/41b6xBpDCyL.jpg'),
('1586488961', 'I\'m Dying Up Here: Heartbreak and High Times in Stand-Up Comedy\'s Golden Era', 'Lorem Ipsum I am a definition', 91, 36, 'www.example.com', '2000-01-01', 1, 1, 'http://ecx.images-amazon.com/images/I/51EFhTAX2yL.jpg'),
('1586857029', 'Essence and Alchemy: A Natural History of Perfume', 'Lorem Ipsum I am a definition', 53, 24, 'www.example.com', '2000-01-01', 1, 1, 'http://ecx.images-amazon.com/images/I/51LEtrilajL.jpg'),
('1587780690', 'Water Resource Management: A Casebook in Law and Public Policy (University Casebook Series)', 'Lorem Ipsum I am a definition', 46, 43, 'www.example.com', '2000-01-01', 1, 1, 'http://ecx.images-amazon.com/images/I/519293ZRXHL.jpg'),
('1589231554', 'Rustic Garden Projects: 28 Decorative Accents You Can Build', 'Lorem Ipsum I am a definition', 39, 34, 'www.example.com', '2000-01-01', 1, 1, 'http://ecx.images-amazon.com/images/I/514rJhaIAkL.jpg'),
('1589232917', 'Little Bead Boxes: 12 Miniature Containers Built with Beads', 'Lorem Ipsum I am a definition', 1, 34, 'www.example.com', '2000-01-01', 1, 1, 'http://ecx.images-amazon.com/images/I/51gzns1H5RL.jpg'),
('1589251520', 'Dangerous!', 'Lorem Ipsum I am a definition', 99, 26, 'www.example.com', '2000-01-01', 1, 1, 'http://ecx.images-amazon.com/images/I/51MOWkKNsSL.jpg'),
('1589805062', 'Cruising Guides: Cruising Guide to Western Florida: Seventh Edition (Cruising Guide Series)', 'Lorem Ipsum I am a definition', 64, 31, 'www.example.com', '2000-01-01', 1, 1, 'http://ecx.images-amazon.com/images/I/51P7BW8CoiL.jpg'),
('1590172949', 'The Scientist as Rebel (New York Review Books)', 'Lorem Ipsum I am a definition', 26, 25, 'www.example.com', '2000-01-01', 1, 1, 'http://ecx.images-amazon.com/images/I/51r8yBsTUVL.jpg'),
('1590186079', 'The Holocaust (How Did It Happen?)', 'Lorem Ipsum I am a definition', 4, 39, 'www.example.com', '2000-01-01', 1, 1, 'http://ecx.images-amazon.com/images/I/51EWMXHBE2L.jpg'),
('1590302184', 'Classics of Buddhism and Zen, Volume 1: The Collected Translations of Thomas Cleary', 'Lorem Ipsum I am a definition', 73, 21, 'www.example.com', '2000-01-01', 1, 1, 'http://ecx.images-amazon.com/images/I/51z7tPa230L.jpg'),
('1590308433', 'Taking the Leap: Freeing Ourselves from Old Habits and Fears', 'Lorem Ipsum I am a definition', 69, 45, 'www.example.com', '2000-01-01', 1, 1, 'http://ecx.images-amazon.com/images/I/412-%2BHAJz0L.jpg'),
('1590843894', 'Judo (Martial and Fighting Arts)', 'Lorem Ipsum I am a definition', 93, 39, 'www.example.com', '2000-01-01', 1, 1, 'http://ecx.images-amazon.com/images/I/51jH2fWpq2L.jpg'),
('1591200172', 'Healing Without Medication: A Comprehensive Guide to the Complementary Techniques Anyone Can Use to Achieve Real Healing', 'Lorem Ipsum I am a definition', 9, 28, 'www.example.com', '2000-01-01', 1, 1, 'http://ecx.images-amazon.com/images/I/51F3KTDSSRL.jpg'),
('1591201985', 'The Gene Makeover: The 21st Century Anti-Aging Breakthrough', 'Lorem Ipsum I am a definition', 19, 28, 'www.example.com', '2000-01-01', 1, 1, 'http://ecx.images-amazon.com/images/I/41YBdeASPhL.jpg'),
('1591797799', 'The End of Your World: Uncensored Straight Talk on the Nature of Enlightenment', 'Lorem Ipsum I am a definition', 16, 21, 'www.example.com', '2000-01-01', 1, 1, 'http://ecx.images-amazon.com/images/I/41%2BsWamYmVL.jpg'),
('159179904X', 'How to Read the Akashic Records: Accessing the Archive of the Soul and Its Journey', 'Lorem Ipsum I am a definition', 36, 21, 'www.example.com', '2000-01-01', 1, 1, 'http://ecx.images-amazon.com/images/I/416bhWVm5gL.jpg'),
('1591842336', 'Tribes: We Need You to Lead Us', 'Lorem Ipsum I am a definition', 18, 29, 'www.example.com', '2000-01-01', 1, 1, 'http://ecx.images-amazon.com/images/I/51WjbZ0neKL.jpg'),
('1591844096', 'Linchpin: Are You Indispensable?', 'Lorem Ipsum I am a definition', 47, 28, 'www.example.com', '2000-01-01', 1, 1, 'http://ecx.images-amazon.com/images/I/51KEubrpFkL.jpg'),
('1591844843', 'Save More Tomorrow: Practical Behavioral Finance Solutions to Improve 401(k) Plans', 'Lorem Ipsum I am a definition', 99, 29, 'www.example.com', '2000-01-01', 1, 1, 'http://ecx.images-amazon.com/images/I/41I1n%2ByCD2L.jpg'),
('1591847389', 'Growth Hacker Marketing: A Primer on the Future of PR, Marketing, and Advertising', 'Lorem Ipsum I am a definition', 36, 32, 'www.example.com', '2000-01-01', 1, 1, 'http://ecx.images-amazon.com/images/I/61o321z6GDL.jpg'),
('1592337074', 'Wild Drinks & Cocktails: Handcrafted Squashes, Shrubs, Switchels, Tonics, and Infusions to Mix at Home', 'Lorem Ipsum I am a definition', 72, 33, 'www.example.com', '2000-01-01', 1, 1, 'http://ecx.images-amazon.com/images/I/51p5E5AnfNL.jpg'),
('1592401333', 'Dark Nights of the Soul: A Guide to Finding Your Way Through Life\'s Ordeals', 'Lorem Ipsum I am a definition', 12, 28, 'www.example.com', '2000-01-01', 1, 1, 'http://ecx.images-amazon.com/images/I/51ejVCQKyIL.jpg'),
('1593271913', 'Network Know-How: An Essential Guide for the Accidental Admin', 'Lorem Ipsum I am a definition', 11, 32, 'www.example.com', '2000-01-01', 1, 1, 'http://ecx.images-amazon.com/images/I/51S8Sh2%2BknL.jpg'),
('1593320957', 'Civil Commitment of Sexual Predators: A Study in Policy Implementation (Criminal Justice)', 'Lorem Ipsum I am a definition', 16, 43, 'www.example.com', '2000-01-01', 1, 1, 'http://ecx.images-amazon.com/images/I/411SCMB3SBL.jpg'),
('1593600690', 'Open Road\'s Best of Honduras, 1st Edition (Open Road\'s Honduras)', 'Lorem Ipsum I am a definition', 31, 35, 'www.example.com', '2000-01-01', 1, 1, 'http://ecx.images-amazon.com/images/I/517QC0AE5BL.jpg'),
('159360176X', 'Tracing Your Irish & British Roots, 2E (Quillen\'s Essentials of Genealogy)', 'Lorem Ipsum I am a definition', 25, 37, 'www.example.com', '2000-01-01', 1, 1, 'http://ecx.images-amazon.com/images/I/517o--vKswL.jpg'),
('1593601905', 'The Perfect Resume: Resumes That Work in the New Economy (Get a Job!)', 'Lorem Ipsum I am a definition', 28, 29, 'www.example.com', '2000-01-01', 1, 1, 'http://ecx.images-amazon.com/images/I/51LOEfEiH0L.jpg'),
('1593853084', 'Treating Trauma and Traumatic Grief in Children and Adolescents', 'Lorem Ipsum I am a definition', 34, 18, 'www.example.com', '2000-01-01', 1, 1, 'http://ecx.images-amazon.com/images/I/41I2zm6GAyL.jpg'),
('1594206287', 'The Good Gut: Taking Control of Your Weight, Your Mood, and Your Long-term Health', 'Lorem Ipsum I am a definition', 20, 18, 'www.example.com', '2000-01-01', 1, 1, 'http://ecx.images-amazon.com/images/I/41z70OwXs6L.jpg'),
('1594262942', 'Under a Velvet Cloak  (Incarnations of Immortality, Book 8)', 'Lorem Ipsum I am a definition', 2, 42, 'www.example.com', '2000-01-01', 1, 1, 'http://ecx.images-amazon.com/images/I/41U8gsNLiBL.jpg'),
('1594483809', 'Well Enough Alone: A Cultural History of My Hypochondria', 'Lorem Ipsum I am a definition', 67, 36, 'www.example.com', '2000-01-01', 1, 1, 'http://ecx.images-amazon.com/images/I/61lX5yjQf%2BL.jpg'),
('1594633525', 'In Paradise: A Novel', 'Lorem Ipsum I am a definition', 18, 23, 'www.example.com', '2000-01-01', 1, 1, 'http://ecx.images-amazon.com/images/I/51IhVeKwEJL.jpg'),
('1594711526', 'Let Nothing Disturb You (30 Days With a Great Spiritual Teacher)', 'Lorem Ipsum I am a definition', 97, 41, 'www.example.com', '2000-01-01', 1, 1, 'http://ecx.images-amazon.com/images/I/51rY6mIJLjL.jpg'),
('1594712530', 'A Sorrow Shared: A Combined Edition of the Nouwen Classics \"In Memoriam\" and \"A Letter of Consolation\"', 'Lorem Ipsum I am a definition', 13, 41, 'www.example.com', '2000-01-01', 1, 1, 'http://ecx.images-amazon.com/images/I/51WoHaqnHwL.jpg'),
('159477207X', 'The Acupressure Atlas', 'Lorem Ipsum I am a definition', 69, 28, 'www.example.com', '2000-01-01', 1, 1, 'http://ecx.images-amazon.com/images/I/51QeP19JErL.jpg'),
('1594772592', 'The Secret to Long Life in Your DNA: The Beljanski Approach to Cellular Health', 'Lorem Ipsum I am a definition', 20, 28, 'www.example.com', '2000-01-01', 1, 1, 'http://ecx.images-amazon.com/images/I/51HI3R5ucDL.jpg'),
('1594852537', 'Stand Up Paddling: Flatwater to Surf and Rivers (Mountaineering Outdoor Experts) (Moes)', 'Lorem Ipsum I am a definition', 19, 31, 'www.example.com', '2000-01-01', 1, 1, 'http://ecx.images-amazon.com/images/I/51fgYDde-zL.jpg'),
('1594866287', 'Duel in the Sun: Alberto Salazar, Dick Beardsley, and America\'s Greatest Marathon', 'Lorem Ipsum I am a definition', 12, 31, 'www.example.com', '2000-01-01', 1, 1, 'http://ecx.images-amazon.com/images/I/516lMKzkWvL.jpg'),
('1596437081', 'Children\'s Book-a-Day Almanac', 'Lorem Ipsum I am a definition', 98, 37, 'www.example.com', '2000-01-01', 1, 1, 'http://ecx.images-amazon.com/images/I/51rnbSBG8uL.jpg'),
('1596914521', 'Logicomix: An epic search for truth', 'Lorem Ipsum I am a definition', 31, 44, 'www.example.com', '2000-01-01', 1, 1, 'http://ecx.images-amazon.com/images/I/51ExA-wU3BL.jpg'),
('1598563785', 'Strong\'s Exhaustive Concordance of the Bible (Facets)', 'Lorem Ipsum I am a definition', 7, 41, 'www.example.com', '2000-01-01', 1, 1, 'http://ecx.images-amazon.com/images/I/51u9aWXDpCL.jpg'),
('1598570749', 'Unlocking Literacy: Effective Decoding and Spelling Instruction, Second Edition', 'Lorem Ipsum I am a definition', 26, 37, 'www.example.com', '2000-01-01', 1, 1, 'http://ecx.images-amazon.com/images/I/51up-GTju4L.jpg'),
('1598633015', 'Creating Music and Sound for Games', 'Lorem Ipsum I am a definition', 91, 32, 'www.example.com', '2000-01-01', 1, 1, 'http://ecx.images-amazon.com/images/I/51Bs5b4F8XL.jpg'),
('159874044X', 'MUSEUM CAREERS: A PRACTICAL GUIDE FOR STUDENTS AND NOVICES', 'Lorem Ipsum I am a definition', 30, 22, 'www.example.com', '2000-01-01', 1, 1, 'http://ecx.images-amazon.com/images/I/515rGEwapLL.jpg'),
('160125718X', 'Pathfinder Pawns: Giantslayer Pawn Collection', 'Lorem Ipsum I am a definition', 66, 42, 'www.example.com', '2000-01-01', 1, 1, 'http://ecx.images-amazon.com/images/I/513U9pJzm7L.jpg'),
('1601631979', 'The Rise and Fall of the Nephilim: The Untold Story of Fallen Angels, Giants on the Earth, and Their Extraterrestrial Origins', 'Lorem Ipsum I am a definition', 20, 21, 'www.example.com', '2000-01-01', 1, 1, 'http://ecx.images-amazon.com/images/I/51y0rPPDSiL.jpg'),
('1601633327', 'Sex, Sorcery, and Spirit: The Secrets of Erotic Magic', 'Lorem Ipsum I am a definition', 97, 21, 'www.example.com', '2000-01-01', 1, 1, 'http://ecx.images-amazon.com/images/I/51HVe2YuPyL.jpg'),
('1601904630', 'Nassau Historic Walking Tour & New Providence Island Bahamas Maps Laminated Card', 'Lorem Ipsum I am a definition', 15, 35, 'www.example.com', '2000-01-01', 1, 1, 'http://ecx.images-amazon.com/images/I/61SePPUdQkL.jpg'),
('1602130620', 'But I Read It on the Internet! (Mrs. Skorupski Story)', 'Lorem Ipsum I am a definition', 85, 26, 'www.example.com', '2000-01-01', 1, 1, 'http://ecx.images-amazon.com/images/I/51D0IxEftaL.jpg'),
('1602397929', 'The Mixed Martial Arts Handbook: The Insider\'s Guide to Fighting Techniques', 'Lorem Ipsum I am a definition', 1, 31, 'www.example.com', '2000-01-01', 1, 1, 'http://ecx.images-amazon.com/images/I/51xD8dZz5ZL.jpg'),
('1602820511', 'Sistine Heresy', 'Lorem Ipsum I am a definition', 45, 40, 'www.example.com', '2000-01-01', 1, 1, 'http://ecx.images-amazon.com/images/I/51gpAluFB%2BL.jpg'),
('160358448X', 'The New Net Zero: Leading-Edge Design and Construction of Homes and Buildings for a Renewable Energy Future', 'Lorem Ipsum I am a definition', 39, 34, 'www.example.com', '2000-01-01', 1, 1, 'http://ecx.images-amazon.com/images/I/51A9pSSTnbL.jpg'),
('1603842020', 'China: A History (Volume 1): From Neolithic Cultures through the Great Qing Empire, (10,000 BCE - 1799 CE)', 'Lorem Ipsum I am a definition', 19, 38, 'www.example.com', '2000-01-01', 1, 1, 'http://ecx.images-amazon.com/images/I/513V%2BuC3wGL.jpg'),
('1604694092', 'Gardening for the Birds: How to Create a Bird-Friendly Backyard', 'Lorem Ipsum I am a definition', 30, 31, 'www.example.com', '2000-01-01', 1, 1, 'http://ecx.images-amazon.com/images/I/518khtAvcdL.jpg'),
('1605537071', 'Great-Tasting Potatoes Cookbook', 'Lorem Ipsum I am a definition', 95, 33, 'www.example.com', '2000-01-01', 1, 1, 'http://ecx.images-amazon.com/images/I/51jnErh-u9L.jpg'),
('1606063227', 'Minor White: Manifestations of the Spirit', 'Lorem Ipsum I am a definition', 63, 22, 'www.example.com', '2000-01-01', 1, 1, 'http://ecx.images-amazon.com/images/I/51ocnLasKBL.jpg'),
('1606994654', 'Estonia: A Ramble Through the Periphery', 'Lorem Ipsum I am a definition', 93, 35, 'www.example.com', '2000-01-01', 1, 1, 'http://ecx.images-amazon.com/images/I/51RcMhEPsOL.jpg'),
('1607067676', 'Chew Volume 7: Bad Apples TP', 'Lorem Ipsum I am a definition', 20, 44, 'www.example.com', '2000-01-01', 1, 1, 'http://ecx.images-amazon.com/images/I/519rcgnzj3L.jpg'),
('1607103184', 'Uncle John\'s True Crime: A Classic Collection of Crooks, Cops, and Capers', 'Lorem Ipsum I am a definition', 55, 36, 'www.example.com', '2000-01-01', 1, 1, 'http://ecx.images-amazon.com/images/I/51Oi8QfqiQL.jpg'),
('1608316858', 'Leadership Roles and Management Functions in Nursing: Theory and Application (Marquis, Leadership Roles and Management Functions in Nursing)', 'Lorem Ipsum I am a definition', 9, 18, 'www.example.com', '2000-01-01', 1, 1, 'http://ecx.images-amazon.com/images/I/51B0WhaGiJL.jpg'),
('160882330X', 'Eating Mindfully: How to End Mindless Eating and Enjoy a Balanced Relationship with Food', 'Lorem Ipsum I am a definition', 58, 27, 'www.example.com', '2000-01-01', 1, 1, 'http://ecx.images-amazon.com/images/I/41hC0sRWwmL.jpg'),
('1608875431', 'In a World of Gods and Goddesses: The Mystic Art of Indra Sharma', 'Lorem Ipsum I am a definition', 23, 22, 'www.example.com', '2000-01-01', 1, 1, 'http://ecx.images-amazon.com/images/I/61Nco%2BF3jsL.jpg'),
('1609718682', 'HSPT Flashcard Study System: HSPT Exam Practice Questions & Review for the High School Placement Test (Cards)', 'Lorem Ipsum I am a definition', 14, 19, 'www.example.com', '2000-01-01', 1, 1, 'http://ecx.images-amazon.com/images/I/51i%2Beq1ghKL.jpg'),
('1609803760', 'The Graphic Canon, Vol. 1: From the Epic of Gilgamesh to Shakespeare to Dangerous Liaisons (The Graphic Canon Series)', 'Lorem Ipsum I am a definition', 86, 44, 'www.example.com', '2000-01-01', 1, 1, 'http://ecx.images-amazon.com/images/I/51gDzhPALWL.jpg'),
('1609949323', 'Life Reimagined: Discovering Your New Life Possibilities', 'Lorem Ipsum I am a definition', 87, 27, 'www.example.com', '2000-01-01', 1, 1, 'http://ecx.images-amazon.com/images/I/41d0t0efHaL.jpg'),
('1611457297', 'The Republic of Wine: A Novel', 'Lorem Ipsum I am a definition', 32, 36, 'www.example.com', '2000-01-01', 1, 1, 'http://ecx.images-amazon.com/images/I/51v31QsIhrL.jpg'),
('161180129X', 'Crafting a Colorful Home: A Room-by-Room Guide to Personalizing Your Space with Color', 'Lorem Ipsum I am a definition', 10, 34, 'www.example.com', '2000-01-01', 1, 1, 'http://ecx.images-amazon.com/images/I/61%2BPkjX6r1L.jpg'),
('1612050328', 'Sport in Contemporary Society, 9th Edition', 'Lorem Ipsum I am a definition', 22, 31, 'www.example.com', '2000-01-01', 1, 1, 'http://ecx.images-amazon.com/images/I/512%2BMGjIDfL.jpg'),
('1612120407', 'The Knowledgeable Knitter', 'Lorem Ipsum I am a definition', 91, 34, 'www.example.com', '2000-01-01', 1, 1, 'http://ecx.images-amazon.com/images/I/61R6qgBBxwL.jpg'),
('161212559X', 'Cookie Craft: Baking & Decorating Techniques for Fun & Festive Occasions', 'Lorem Ipsum I am a definition', 84, 33, 'www.example.com', '2000-01-01', 1, 1, 'http://ecx.images-amazon.com/images/I/618AVH3IGIL.jpg'),
('1612386385', 'Moon Belize (Moon Handbooks)', 'Lorem Ipsum I am a definition', 25, 35, 'www.example.com', '2000-01-01', 1, 1, 'http://ecx.images-amazon.com/images/I/515IEyUEUnL.jpg'),
('1613734042', 'The First King of Hollywood: The Life of Douglas Fairbanks', 'Lorem Ipsum I am a definition', 19, 36, 'www.example.com', '2000-01-01', 1, 1, 'http://ecx.images-amazon.com/images/I/51f5otaRTXL.jpg'),
('1613901275', 'The Inheritor: Book Six of The Marketplace Series', 'Lorem Ipsum I am a definition', 17, 40, 'www.example.com', '2000-01-01', 1, 1, 'http://ecx.images-amazon.com/images/I/51jVcF8YHNL.jpg'),
('1614275300', 'Visible Saints: The History of a Puritan Idea', 'Lorem Ipsum I am a definition', 1, 41, 'www.example.com', '2000-01-01', 1, 1, 'http://ecx.images-amazon.com/images/I/51o2uFeEgzL.jpg'),
('1616080094', 'U.S. Army Special Forces Guide to Unconventional Warfare: Devices and Techniques for Incendiaries', 'Lorem Ipsum I am a definition', 39, 38, 'www.example.com', '2000-01-01', 1, 1, 'http://ecx.images-amazon.com/images/I/51s40bqSiWL.jpg'),
('1616080582', 'What He Can Expect When She\'s Not Expecting: How to Support Your Wife, Save Your Marriage, and Conquer Infertility!', 'Lorem Ipsum I am a definition', 93, 30, 'www.example.com', '2000-01-01', 1, 1, 'http://ecx.images-amazon.com/images/I/51Bf%2BVtmZKL.jpg'),
('161620463X', 'If You\'re Lucky', 'Lorem Ipsum I am a definition', 66, 39, 'www.example.com', '2000-01-01', 1, 1, 'http://ecx.images-amazon.com/images/I/51moAp8QXyL.jpg'),
('1616382155', 'Prayers That Rout Demons and Break Curses', 'Lorem Ipsum I am a definition', 21, 41, 'www.example.com', '2000-01-01', 1, 1, 'http://ecx.images-amazon.com/images/I/514OVYoXVsL.jpg'),
('1616494441', 'Almost Anorexic: Is My (or My Loved One\'s) Relationship with Food a Problem? (The Almost Effect)', 'Lorem Ipsum I am a definition', 33, 27, 'www.example.com', '2000-01-01', 1, 1, 'http://ecx.images-amazon.com/images/I/51Jku59B9CL.jpg'),
('1617290750', 'Single Page Web Applications: JavaScript end-to-end', 'Lorem Ipsum I am a definition', 47, 32, 'www.example.com', '2000-01-01', 1, 1, 'http://ecx.images-amazon.com/images/I/51KT4qErFaL.jpg'),
('1617838969', 'Jonas Salk: Medical Innovator and Polio Vaccine Developer (Essential Lives)', 'Lorem Ipsum I am a definition', 26, 39, 'www.example.com', '2000-01-01', 1, 1, 'http://ecx.images-amazon.com/images/I/51NyRMKseRL.jpg'),
('1619024985', 'Born Bad: Original Sin and the Making of the Western World', 'Lorem Ipsum I am a definition', 60, 41, 'www.example.com', '2000-01-01', 1, 1, 'http://ecx.images-amazon.com/images/I/51e-sfEkCtL.jpg'),
('1623155967', 'Thai Slow Cooker Cookbook: Classic Thai Favorites Made Simple', 'Lorem Ipsum I am a definition', 15, 33, 'www.example.com', '2000-01-01', 1, 1, 'http://ecx.images-amazon.com/images/I/51HsGc-k0JL.jpg'),
('1623156610', 'Renal Diet Cookbook:: The Low Sodium, Low Potassium, Healthy Kidney Cookbook', 'Lorem Ipsum I am a definition', 87, 33, 'www.example.com', '2000-01-01', 1, 1, 'http://ecx.images-amazon.com/images/I/61jbPUs1KSL.jpg'),
('162336583X', 'Runner\'s World Meals on the Run: 150 energy-packed recipes in 30 minutes or less', 'Lorem Ipsum I am a definition', 25, 33, 'www.example.com', '2000-01-01', 1, 1, 'http://ecx.images-amazon.com/images/I/61INLFujcpL.jpg'),
('1624034063', 'Nascar Racing (Inside the Speedway)', 'Lorem Ipsum I am a definition', 18, 26, 'www.example.com', '2000-01-01', 1, 1, 'http://ecx.images-amazon.com/images/I/51ylYzs76NL.jpg'),
('1626720479', 'The Royal Cup (Last Man)', 'Lorem Ipsum I am a definition', 16, 44, 'www.example.com', '2000-01-01', 1, 1, 'http://ecx.images-amazon.com/images/I/51g46YDTj0L.jpg'),
('1627338780', 'OCN Exam Practice Questions: OCN Practice Tests & Exam Review for the ONCC Oncology Certified Nurse Exam', 'Lorem Ipsum I am a definition', 4, 18, 'www.example.com', '2000-01-01', 1, 1, 'http://ecx.images-amazon.com/images/I/51cRhHfme9L.jpg'),
('1627389512', 'Sonic / Mega Man: Worlds Collide: The Complete Epic', 'Lorem Ipsum I am a definition', 28, 26, 'www.example.com', '2000-01-01', 1, 1, 'http://ecx.images-amazon.com/images/I/61eA3pFE8%2BL.jpg'),
('1628736496', 'Rustic Garden Projects: Step-by-Step Backyard Décor from Trellises to Tree Swings, Stone Steps to Stained Glass', 'Lorem Ipsum I am a definition', 10, 34, 'www.example.com', '2000-01-01', 1, 1, 'http://ecx.images-amazon.com/images/I/61XjP-j7ItL.jpg'),
('1629055336', 'Keith Haring Wall Calendar (2016)', 'Lorem Ipsum I am a definition', 90, 46, 'www.example.com', '2000-01-01', 1, 1, 'http://ecx.images-amazon.com/images/I/611HZnHj8oL.jpg'),
('1629370282', 'The Big Book of Building: Everything Minecraft®?E?E? Imagine it?E?? Create it?E?? Build it', 'Lorem Ipsum I am a definition', 2, 42, 'www.example.com', '2000-01-01', 1, 1, 'http://ecx.images-amazon.com/images/I/51s3kqz2O8L.jpg'),
('1629371157', 'The Kentucky Wildcats Fans\' Bucket List', 'Lorem Ipsum I am a definition', 56, 35, 'www.example.com', '2000-01-01', 1, 1, 'http://ecx.images-amazon.com/images/I/613ZgVHpDZL.jpg'),
('162972095X', 'My Fair Gentleman (Proper Romance) (A Proper Romance)', 'Lorem Ipsum I am a definition', 1, 40, 'www.example.com', '2000-01-01', 1, 1, 'http://ecx.images-amazon.com/images/I/51T3GSdb4hL.jpg'),
('1629881775', 'Ký s?E?? du l?E??Ech Nh?E??t B?E??n, Hong Kong MaCau và Thái Lan', 'Lorem Ipsum I am a definition', 51, 35, 'www.example.com', '2000-01-01', 1, 1, 'http://ecx.images-amazon.com/images/I/518wvSS5VzL.jpg'),
('1630661619', 'Looney Bin Incorporated', 'Lorem Ipsum I am a definition', 49, 23, 'www.example.com', '2000-01-01', 1, 1, 'http://ecx.images-amazon.com/images/I/41aM7wyC7RL.jpg'),
('1631402110', 'Secret Agent X-9: By Dashiell Hammett and Alex Raymond (The Library of American Comics)', 'Lorem Ipsum I am a definition', 11, 44, 'www.example.com', '2000-01-01', 1, 1, 'http://ecx.images-amazon.com/images/I/61YTEKXO6lL.jpg'),
('1632155567', 'Jupiter\'s Circle Volume 1 (Jupiters Circle Tp)', 'Lorem Ipsum I am a definition', 49, 44, 'www.example.com', '2000-01-01', 1, 1, 'http://ecx.images-amazon.com/images/I/51-XkyG0ReL.jpg'),
('1633220168', 'Creative Painting & Beyond: Inspiring tips, techniques, and ideas for creating whimsical art in acrylic, watercolor, gold leaf, and more (Creative...and Beyond)', 'Lorem Ipsum I am a definition', 6, 22, 'www.example.com', '2000-01-01', 1, 1, 'http://ecx.images-amazon.com/images/I/61o2oN8JNFL.jpg'),
('163431056X', 'How to Defend the Christian Faith: Advice from an Atheist', 'Lorem Ipsum I am a definition', 60, 45, 'www.example.com', '2000-01-01', 1, 1, 'http://ecx.images-amazon.com/images/I/41V-Gn%2Bb2HL.jpg'),
('1740591879', 'Moroccan Arabic: Lonely Planet Phrasebook', 'Lorem Ipsum I am a definition', 84, 35, 'www.example.com', '2000-01-01', 1, 1, 'http://ecx.images-amazon.com/images/I/51EiN3AavAL.jpg'),
('1742207863', 'Lonely Planet Argentina (Travel Guide)', 'Lorem Ipsum I am a definition', 32, 35, 'www.example.com', '2000-01-01', 1, 1, 'http://ecx.images-amazon.com/images/I/51J4ZfgklaL.jpg'),
('1742371906', 'Seeing the Sunrise', 'Lorem Ipsum I am a definition', 46, 31, 'www.example.com', '2000-01-01', 1, 1, 'http://ecx.images-amazon.com/images/I/51rHX3xxU5L.jpg'),
('1743214049', 'Lonely Planet Discover Barcelona (Travel Guide)', 'Lorem Ipsum I am a definition', 91, 35, 'www.example.com', '2000-01-01', 1, 1, 'http://ecx.images-amazon.com/images/I/511poIqzuhL.jpg'),
('1770266402', 'Namibia Travel Map (Globetrotter Travel Map)', 'Lorem Ipsum I am a definition', 65, 35, 'www.example.com', '2000-01-01', 1, 1, 'http://ecx.images-amazon.com/images/I/41YlgJsE0lL.jpg'),
('1770461175', 'A User\'s Guide to Neglectful Parenting', 'Lorem Ipsum I am a definition', 80, 44, 'www.example.com', '2000-01-01', 1, 1, 'http://ecx.images-amazon.com/images/I/41DiC3DOqPL.jpg');
INSERT INTO `books` (`isbn`, `title`, `description`, `price`, `categoryId`, `previewLink`, `publicationDate`, `edition`, `publisherId`, `displayImage`) VALUES
('1780387547', 'Music Publishing & Its Administration in the Modern Age', 'Lorem Ipsum I am a definition', 98, 43, 'www.example.com', '2000-01-01', 1, 1, 'http://ecx.images-amazon.com/images/I/51fq59I5A9L.jpg'),
('1782168338', 'Extending Microsoft Dynamics AX 2012 Cookbook', 'Lorem Ipsum I am a definition', 76, 32, 'www.example.com', '2000-01-01', 1, 1, 'http://ecx.images-amazon.com/images/I/51oNBCUQStL.jpg'),
('1783482699', 'Oxi: An Act of Resistance: The Screenplay and Commentary, Including interviews with Derrida, Cixous, Balibar and Negri', 'Lorem Ipsum I am a definition', 37, 36, 'www.example.com', '2000-01-01', 1, 1, 'http://ecx.images-amazon.com/images/I/51ciU8EqXXL.jpg'),
('1783983280', 'MEAN Web Development', 'Lorem Ipsum I am a definition', 97, 32, 'www.example.com', '2000-01-01', 1, 1, 'http://ecx.images-amazon.com/images/I/51C7ByxNtNL.jpg'),
('1783985127', 'Learning Pandas - Python Data Discovery and Analysis Made Easy', 'Lorem Ipsum I am a definition', 6, 32, 'www.example.com', '2000-01-01', 1, 1, 'http://ecx.images-amazon.com/images/I/51mZTnirKuL.jpg'),
('1784720887', 'LIMA cookbook: Peruvian Home Cooking', 'Lorem Ipsum I am a definition', 40, 33, 'www.example.com', '2000-01-01', 1, 1, 'http://ecx.images-amazon.com/images/I/51UaOR1MTsL.jpg'),
('1840760842', 'Eye Care in Developing Nations, Fourth Edition', 'Lorem Ipsum I am a definition', 27, 18, 'www.example.com', '2000-01-01', 1, 1, 'http://ecx.images-amazon.com/images/I/51F9emlD1BL.jpg'),
('1840916303', 'Fifty Bicycles That Changed The World (Design Museum Fifty)', 'Lorem Ipsum I am a definition', 85, 22, 'www.example.com', '2000-01-01', 1, 1, 'http://ecx.images-amazon.com/images/I/51cyPZGzOfL.jpg'),
('1841625612', 'Paraguay (Bradt Travel Guide)', 'Lorem Ipsum I am a definition', 63, 35, 'www.example.com', '2000-01-01', 1, 1, 'http://ecx.images-amazon.com/images/I/51VnUTL5nKL.jpg'),
('1842329715', 'The Courts Of Idleness (B-Berry Pleydell)', 'Lorem Ipsum I am a definition', 26, 23, 'www.example.com', '2000-01-01', 1, 1, 'http://ecx.images-amazon.com/images/I/51v41waz3TL.jpg'),
('1843099411', 'Thai Food and Cooking: A Fiery And Exotic Cuisine: The Traditions, Techniques, Ingredients And Recipes', 'Lorem Ipsum I am a definition', 91, 33, 'www.example.com', '2000-01-01', 1, 1, 'http://ecx.images-amazon.com/images/I/51Hi5kcXncL.jpg'),
('1843104059', 'Enriched Care Planning for People with Dementia: A Good Practice Guide for Delivering Person-Centred Dementia Care (Bradford Dementia Group Good Practice Guides)', 'Lorem Ipsum I am a definition', 46, 18, 'www.example.com', '2000-01-01', 1, 1, 'http://ecx.images-amazon.com/images/I/51u2tFIxgvL.jpg'),
('1843109042', 'Adults on the Autism Spectrum Leave the Nest: Achieving Supported Independence', 'Lorem Ipsum I am a definition', 37, 28, 'www.example.com', '2000-01-01', 1, 1, 'http://ecx.images-amazon.com/images/I/41UprSI-XwL.jpg'),
('1848484151', 'Vilnius Pocket Guide, 3rd (Thomas Cook Pocket Guides)', 'Lorem Ipsum I am a definition', 48, 35, 'www.example.com', '2000-01-01', 1, 1, 'http://ecx.images-amazon.com/images/I/41gU7y9qSHL.jpg'),
('1848872828', 'Gulliver\'s Travels', 'Lorem Ipsum I am a definition', 27, 23, 'www.example.com', '2000-01-01', 1, 1, 'http://ecx.images-amazon.com/images/I/615N%2BsjE-pL.jpg'),
('1849040494', 'Dead Reckoning: Memories of the 1971 Bangladesh War', 'Lorem Ipsum I am a definition', 81, 38, 'www.example.com', '2000-01-01', 1, 1, 'http://ecx.images-amazon.com/images/I/41wuA0yJXmL.jpg'),
('1849180245', 'Latitude 59 Degrees North: Lady S. Vol. 2', 'Lorem Ipsum I am a definition', 47, 44, 'www.example.com', '2000-01-01', 1, 1, 'http://ecx.images-amazon.com/images/I/51OHVrByn-L.jpg'),
('1849752621', 'Oils and Vinegars: Discovering and Enjoying Gourmet Oils and Vinegars', 'Lorem Ipsum I am a definition', 31, 33, 'www.example.com', '2000-01-01', 1, 1, 'http://ecx.images-amazon.com/images/I/51U6eq7vu4L.jpg'),
('1849905851', 'Top Gear Quiz Book', 'Lorem Ipsum I am a definition', 78, 36, 'www.example.com', '2000-01-01', 1, 1, 'http://ecx.images-amazon.com/images/I/51dI-PV3fiL.jpg'),
('1855208938', 'Triumph Stag (Road Test Portfolio)', 'Lorem Ipsum I am a definition', 49, 24, 'www.example.com', '2000-01-01', 1, 1, 'http://ecx.images-amazon.com/images/I/619ptI1NqIL.jpg'),
('1857532104', 'Mexican-American War, 1846-48 (Brassey\'s History of Uniforms)', 'Lorem Ipsum I am a definition', 92, 38, 'www.example.com', '2000-01-01', 1, 1, 'http://ecx.images-amazon.com/images/I/513TSP8A3GL.jpg'),
('1857756584', 'Teaching and Learning Communication Skills in Medicine, 2nd Edition', 'Lorem Ipsum I am a definition', 79, 18, 'www.example.com', '2000-01-01', 1, 1, 'http://ecx.images-amazon.com/images/I/41MAjFKVz5L.jpg'),
('1857886186', 'Living the 80/20 Way, New Edition: Work Less, Worry Less, Succeed More, Enjoy More', 'Lorem Ipsum I am a definition', 90, 27, 'www.example.com', '2000-01-01', 1, 1, 'http://ecx.images-amazon.com/images/I/51F0rzqo7tL.jpg'),
('1860112110', 'Yucatan & Mayan Mexico, 3rd (Country & Regional Guides - Cadogan)', 'Lorem Ipsum I am a definition', 37, 35, 'www.example.com', '2000-01-01', 1, 1, 'http://ecx.images-amazon.com/images/I/51Lf0ZWC3eL.jpg'),
('1878009508', 'The Banquet\'s Wisdom: A Short History of the Theologies of the Lord\'s Supper', 'Lorem Ipsum I am a definition', 93, 41, 'www.example.com', '2000-01-01', 1, 1, 'http://ecx.images-amazon.com/images/I/4144qKuVVnL.jpg'),
('1878823299', 'Indoor Marijuana Horticulture: The Indoor Bible', 'Lorem Ipsum I am a definition', 65, 25, 'www.example.com', '2000-01-01', 1, 1, 'http://ecx.images-amazon.com/images/I/51EU06TQR0L.jpg'),
('188039989X', 'Christopher Durang Volume I: 27 Short Plays', 'Lorem Ipsum I am a definition', 40, 23, 'www.example.com', '2000-01-01', 1, 1, 'http://ecx.images-amazon.com/images/I/51WX3TcVshL.jpg'),
('1881876136', 'A Core Curriculum for Diabetes Education: Diabetes Education And Program Management', 'Lorem Ipsum I am a definition', 26, 28, 'www.example.com', '2000-01-01', 1, 1, 'http://ecx.images-amazon.com/images/I/51LQEIjxd0L.jpg'),
('1881982653', 'Hooked Rug Landscapes (Framework)', 'Lorem Ipsum I am a definition', 75, 34, 'www.example.com', '2000-01-01', 1, 1, 'http://ecx.images-amazon.com/images/I/61eiisDabzL.jpg'),
('1881982831', 'Rug Hooker\'s Companion', 'Lorem Ipsum I am a definition', 78, 34, 'www.example.com', '2000-01-01', 1, 1, 'http://ecx.images-amazon.com/images/I/61%2BjMCSPt5L.jpg'),
('1882190882', 'My Tainted Blood', 'Lorem Ipsum I am a definition', 64, 20, 'www.example.com', '2000-01-01', 1, 1, 'http://ecx.images-amazon.com/images/I/514DrBwqdcL.jpg'),
('1882658086', 'Hard Days Hard Nights: From the Beatles to the Doors to the Stones... Insider Stories From a Legendary Concert Promoter', 'Lorem Ipsum I am a definition', 64, 36, 'www.example.com', '2000-01-01', 1, 1, 'http://ecx.images-amazon.com/images/I/61gLMbHNt1L.jpg'),
('1885171544', 'Life Is Not Work, Work Is Not Life: Simple Reminders for Finding Balance in a 24/7 World', 'Lorem Ipsum I am a definition', 41, 29, 'www.example.com', '2000-01-01', 1, 1, 'http://ecx.images-amazon.com/images/I/41qy3aWwA%2BL.jpg'),
('1885941404', 'Challenge The Widow-Maker And Other Stories Of People In Peril', 'Lorem Ipsum I am a definition', 42, 47, 'www.example.com', '2000-01-01', 1, 1, 'http://ecx.images-amazon.com/images/I/51FB6K4S7WL.jpg'),
('1886228795', 'Cleveland Food Memories: A Nostalgic Look Back at the Food We Loved, the Places We Bought It, and the People Who Made It Special', 'Lorem Ipsum I am a definition', 68, 33, 'www.example.com', '2000-01-01', 1, 1, 'http://ecx.images-amazon.com/images/I/61zzxGR2mjL.jpg'),
('1887624104', 'Allergy Cooking with Ease: The No Wheat, Milk, Eggs, Corn, and Soy Cookbook', 'Lorem Ipsum I am a definition', 52, 33, 'www.example.com', '2000-01-01', 1, 1, 'http://ecx.images-amazon.com/images/I/51gqzneZocL.jpg'),
('1888216468', 'Battlefields of the Civil War Map', 'Lorem Ipsum I am a definition', 91, 38, 'www.example.com', '2000-01-01', 1, 1, 'http://ecx.images-amazon.com/images/I/51t0aUEe0tL.jpg'),
('188834380X', 'Nursing Assistant Care', 'Lorem Ipsum I am a definition', 63, 18, 'www.example.com', '2000-01-01', 1, 1, 'http://ecx.images-amazon.com/images/I/41PQWRHYRWL.jpg'),
('1889224030', 'Museum Companion to Los Angeles: A Guide to Museums, Historic Houses, Libraries, Special Collections, Botanical Gardens and Zoos in Los Angeles County', 'Lorem Ipsum I am a definition', 33, 35, 'www.example.com', '2000-01-01', 1, 1, 'http://ecx.images-amazon.com/images/I/41AQA7fKplL.jpg'),
('188938691X', 'Appalachian Trail Thru-Hikers\' Companion (2015)', 'Lorem Ipsum I am a definition', 65, 31, 'www.example.com', '2000-01-01', 1, 1, 'http://ecx.images-amazon.com/images/I/41IUiT4Xa%2BL.jpg'),
('1890373095', 'Fly Fishing The Henry\'s Fork (Greycliff River Series, Vol. 2)', 'Lorem Ipsum I am a definition', 10, 35, 'www.example.com', '2000-01-01', 1, 1, 'http://ecx.images-amazon.com/images/I/418KP5RT8CL.jpg'),
('1894020545', 'The Concrete Wave: The History of Skateboarding', 'Lorem Ipsum I am a definition', 18, 31, 'www.example.com', '2000-01-01', 1, 1, 'http://ecx.images-amazon.com/images/I/51hgF0sOAhL.jpg'),
('1894020863', 'The Real Taste of Jamaica, Rev. Ed.', 'Lorem Ipsum I am a definition', 29, 33, 'www.example.com', '2000-01-01', 1, 1, 'http://ecx.images-amazon.com/images/I/51H17M8RMJL.jpg'),
('189497476X', 'Rebel Women of the Gold Rush: Extraordinary Achievements and Daring Adventures (Amazing Stories)', 'Lorem Ipsum I am a definition', 33, 20, 'www.example.com', '2000-01-01', 1, 1, 'http://ecx.images-amazon.com/images/I/51b3ca83uSL.jpg'),
('189729994X', 'Moomin Book Five: The Complete Tove Jansson Comic Strip', 'Lorem Ipsum I am a definition', 73, 44, 'www.example.com', '2000-01-01', 1, 1, 'http://ecx.images-amazon.com/images/I/51twr-9ltZL.jpg'),
('1901130266', 'Living & Working in Holland, Belgium & Luxembourg: A Survival Handbook (Living and Working)', 'Lorem Ipsum I am a definition', 25, 35, 'www.example.com', '2000-01-01', 1, 1, 'http://ecx.images-amazon.com/images/I/51ghq%2BoBkOL.jpg'),
('1903015677', 'See Ya Simon', 'Lorem Ipsum I am a definition', 29, 28, 'www.example.com', '2000-01-01', 1, 1, 'http://ecx.images-amazon.com/images/I/51VRlh8WggL.jpg'),
('1903254736', 'Graphic Thrills: American XXX Movie Posters, 1970 to 1985', 'Lorem Ipsum I am a definition', 14, 45, 'www.example.com', '2000-01-01', 1, 1, 'http://ecx.images-amazon.com/images/I/51Y4o1NY1kL.jpg'),
('1905319398', 'BSAVA Manual of Feline Practice: A Foundation Manual', 'Lorem Ipsum I am a definition', 26, 18, 'www.example.com', '2000-01-01', 1, 1, 'http://ecx.images-amazon.com/images/I/51RDm3jOo0L.jpg'),
('1906868174', 'Fish Tales: Stories & Recipes from Sustainable Fisheries Around the World', 'Lorem Ipsum I am a definition', 48, 36, 'www.example.com', '2000-01-01', 1, 1, 'http://ecx.images-amazon.com/images/I/51IPAyIE3yL.jpg'),
('1907071199', 'The Wedding', 'Lorem Ipsum I am a definition', 96, 34, 'www.example.com', '2000-01-01', 1, 1, 'http://ecx.images-amazon.com/images/I/41Odp3Ic6%2BL.jpg'),
('1907732837', 'Botswana & Its National Heritage', 'Lorem Ipsum I am a definition', 23, 35, 'www.example.com', '2000-01-01', 1, 1, 'http://ecx.images-amazon.com/images/I/51AdbQZwDuL.jpg'),
('1908402024', 'Bradshaw\'s Handbook (Old House)', 'Lorem Ipsum I am a definition', 59, 35, 'www.example.com', '2000-01-01', 1, 1, 'http://ecx.images-amazon.com/images/I/514-%2BRZQaQL.jpg'),
('1910085138', 'Hermit Crab Care: Habitat, Food, Health, Behavior, Shells, and lots more. The complete Hermit Crab Pet Book', 'Lorem Ipsum I am a definition', 70, 34, 'www.example.com', '2000-01-01', 1, 1, 'http://ecx.images-amazon.com/images/I/51WdKLaX1RL.jpg'),
('191025858X', 'Herterton House and a New Country Garden', 'Lorem Ipsum I am a definition', 44, 34, 'www.example.com', '2000-01-01', 1, 1, 'http://ecx.images-amazon.com/images/I/61nVAptiZeL.jpg'),
('1910751618', 'Bella\'s Christmas Bake Off: A fabulously funny, feel good Christmas read', 'Lorem Ipsum I am a definition', 18, 40, 'www.example.com', '2000-01-01', 1, 1, 'http://ecx.images-amazon.com/images/I/51k-RKw%2BJML.jpg'),
('192117491', 'Mungo Park the African Traveler', 'Lorem Ipsum I am a definition', 94, 35, 'www.example.com', '2000-01-01', 1, 1, 'http://ecx.images-amazon.com/images/I/41fv%2BbdC8cL.jpg'),
('1927647088', 'Columbia English Grammar for PSAT/NMSQT', 'Lorem Ipsum I am a definition', 2, 19, 'www.example.com', '2000-01-01', 1, 1, 'http://ecx.images-amazon.com/images/I/41iGalO41FL.jpg'),
('1929125119', 'Mommy Diagnostics: The Naturally Healthy Family\'s Guide to Herbs and Whole Foods for Health', 'Lorem Ipsum I am a definition', 14, 33, 'www.example.com', '2000-01-01', 1, 1, 'http://ecx.images-amazon.com/images/I/51TZQ6MQHGL.jpg'),
('1931464561', 'The M1 Garand Rifle', 'Lorem Ipsum I am a definition', 60, 24, 'www.example.com', '2000-01-01', 1, 1, 'http://ecx.images-amazon.com/images/I/517v2BAD4%2BL.jpg'),
('1931847894', 'Abraham: One God, Three Wives, Five Religions', 'Lorem Ipsum I am a definition', 43, 21, 'www.example.com', '2000-01-01', 1, 1, 'http://ecx.images-amazon.com/images/I/51Xo%2BAJC0VL.jpg'),
('193207371X', 'Five-Minute Relationship Repair: Quickly Heal Upsets, Deepen Intimacy, and Use Differences to Strengthen Love', 'Lorem Ipsum I am a definition', 17, 30, 'www.example.com', '2000-01-01', 1, 1, 'http://ecx.images-amazon.com/images/I/513Cqc7qJmL.jpg'),
('1932564462', 'Shadowrun: Third Edition (FPR25000)', 'Lorem Ipsum I am a definition', 84, 42, 'www.example.com', '2000-01-01', 1, 1, 'http://ecx.images-amazon.com/images/I/51TLjyIjU%2BL.jpg'),
('1934137782', 'Starlight Detectives: How Astronomers, Inventors, and Eccentrics Discovered the Modern Universe', 'Lorem Ipsum I am a definition', 73, 25, 'www.example.com', '2000-01-01', 1, 1, 'http://ecx.images-amazon.com/images/I/41YX3Cc2MjL.jpg'),
('1934857823', 'Sixth World Almanac (Shadowrun (Catalyst Hardcover))', 'Lorem Ipsum I am a definition', 55, 42, 'www.example.com', '2000-01-01', 1, 1, 'http://ecx.images-amazon.com/images/I/61OF0-7LtuL.jpg'),
('1936608871', 'Eat Like a Dinosaur: Recipe & Guidebook for Gluten-free Kids', 'Lorem Ipsum I am a definition', 67, 33, 'www.example.com', '2000-01-01', 1, 1, 'http://ecx.images-amazon.com/images/I/51mEYoyiI5L.jpg'),
('1936829347', '286k Pressurised Hoppers', 'Lorem Ipsum I am a definition', 9, 24, 'www.example.com', '2000-01-01', 1, 1, 'http://ecx.images-amazon.com/images/I/41EPOMn9yvL.jpg'),
('1937396142', 'The Elfrida Goto Trilogy (The Solarian War Saga Books 1-3): Three Full-Length Thrilling Space Opera Novels', 'Lorem Ipsum I am a definition', 57, 42, 'www.example.com', '2000-01-01', 1, 1, 'http://ecx.images-amazon.com/images/I/51pGeuuTZeL.jpg'),
('1937498840', 'The American Lineman: Honoring the Evolution and Importance of One of the Nation\'s Toughest, Most Admired Professions', 'Lorem Ipsum I am a definition', 32, 24, 'www.example.com', '2000-01-01', 1, 1, 'http://ecx.images-amazon.com/images/I/61e4KQKDGKL.jpg'),
('1937612856', 'Loving Our Addicted Daughters Back to Life: A Guidebook for Parents', 'Lorem Ipsum I am a definition', 100, 30, 'www.example.com', '2000-01-01', 1, 1, 'http://ecx.images-amazon.com/images/I/516CJtvhjcL.jpg'),
('1937785467', 'Functional Programming in Java: Harnessing the Power Of Java 8 Lambda Expressions', 'Lorem Ipsum I am a definition', 64, 32, 'www.example.com', '2000-01-01', 1, 1, 'http://ecx.images-amazon.com/images/I/41Hn%2BpBip8L.jpg'),
('193839819X', 'The Eighth Tower: On Ultraterrestrials and the Superspectrum', 'Lorem Ipsum I am a definition', 54, 25, 'www.example.com', '2000-01-01', 1, 1, 'http://ecx.images-amazon.com/images/I/51qH6xfgrGL.jpg'),
('1939758386', 'Outrunning the Bear: How You Can Outperform Stocks and Bonds with Convertibles', 'Lorem Ipsum I am a definition', 34, 29, 'www.example.com', '2000-01-01', 1, 1, 'http://ecx.images-amazon.com/images/I/51kulLE%2B4WL.jpg'),
('1940358035', 'The 7-Day Flat-Belly Tea Cleanse: The Revolutionary New Plan to Melt Up to 10 Pounds of Fat in Just One Week!', 'Lorem Ipsum I am a definition', 64, 28, 'www.example.com', '2000-01-01', 1, 1, 'http://ecx.images-amazon.com/images/I/51xZGUIv2mL.jpg'),
('1940430437', 'Crazy Horse\'s Girlfriend', 'Lorem Ipsum I am a definition', 71, 23, 'www.example.com', '2000-01-01', 1, 1, 'http://ecx.images-amazon.com/images/I/6195WV%2B1EaL.jpg'),
('1941252184', 'Cook the Pantry: Vegan Pantry-to-Plate Recipes in 20 Minutes (or Less!)', 'Lorem Ipsum I am a definition', 10, 33, 'www.example.com', '2000-01-01', 1, 1, 'http://ecx.images-amazon.com/images/I/61SXFeSCTHL.jpg'),
('1941868002', 'Agricola Cookbook', 'Lorem Ipsum I am a definition', 67, 33, 'www.example.com', '2000-01-01', 1, 1, 'http://ecx.images-amazon.com/images/I/61QqmtDBSVL.jpg'),
('1942572301', 'God Made All of Me: A Book to Help Children Protect Their Bodies', 'Lorem Ipsum I am a definition', 19, 30, 'www.example.com', '2000-01-01', 1, 1, 'http://ecx.images-amazon.com/images/I/414hFvfvh9L.jpg'),
('1942577001', 'The Fire Inside: A Novel', 'Lorem Ipsum I am a definition', 32, 42, 'www.example.com', '2000-01-01', 1, 1, 'http://ecx.images-amazon.com/images/I/41VXoOnZ6rL.jpg'),
('1942664427', 'Nameless', 'Lorem Ipsum I am a definition', 77, 39, 'www.example.com', '2000-01-01', 1, 1, 'http://ecx.images-amazon.com/images/I/41PcabcxvhL.jpg'),
('195326970', 'Gay Marriage: for Better or for Worse?: What We\'ve Learned from the Evidence', 'Lorem Ipsum I am a definition', 86, 43, 'www.example.com', '2000-01-01', 1, 1, 'http://ecx.images-amazon.com/images/I/51r75%2BYU%2BpL.jpg'),
('198533713', 'Plots, Transformations, and Regression: An Introduction to Graphical Methods of Diagnostic Regression Analysis (Oxford Statistical Science Series)', 'Lorem Ipsum I am a definition', 51, 25, 'www.example.com', '2000-01-01', 1, 1, 'http://ecx.images-amazon.com/images/I/41P9pMM54fL.jpg'),
('198718659', 'Once Upon a Time: A Short History of Fairy Tale', 'Lorem Ipsum I am a definition', 38, 23, 'www.example.com', '2000-01-01', 1, 1, 'http://ecx.images-amazon.com/images/I/51Tvfzghs3L.jpg'),
('198754620', 'The Age of Em: Work, Love and Life when Robots Rule the Earth', 'Lorem Ipsum I am a definition', 50, 32, 'www.example.com', '2000-01-01', 1, 1, 'http://ecx.images-amazon.com/images/I/51bAGj8QDgL.jpg'),
('199384452', 'Ancient Mediterranean Civilizations: From Prehistory to 640 CE', 'Lorem Ipsum I am a definition', 94, 38, 'www.example.com', '2000-01-01', 1, 1, 'http://ecx.images-amazon.com/images/I/51Xfe-sZtDL.jpg'),
('199540438', 'The Bodhicaryavatara (Oxford World\'s Classics)', 'Lorem Ipsum I am a definition', 26, 21, 'www.example.com', '2000-01-01', 1, 1, 'http://ecx.images-amazon.com/images/I/51H19eIBufL.jpg'),
('199753504', 'The Rise of Mutual Funds: An Insider\'s View', 'Lorem Ipsum I am a definition', 85, 29, 'www.example.com', '2000-01-01', 1, 1, 'http://ecx.images-amazon.com/images/I/5177NDbh8zL.jpg'),
('199829527', 'Making the Social World: The Structure of Human Civilization', 'Lorem Ipsum I am a definition', 58, 45, 'www.example.com', '2000-01-01', 1, 1, 'http://ecx.images-amazon.com/images/I/515O8rNXKlL.jpg'),
('2012522823', 'Ancien Coutumier Inedit de Picardie (Sciences Sociales) (French Edition)', 'Lorem Ipsum I am a definition', 11, 43, 'www.example.com', '2000-01-01', 1, 1, 'http://ecx.images-amazon.com/images/I/418JbEZswdL.jpg'),
('201539306', 'Every Parent: A Positive Approach to Children\'s Behavior', 'Lorem Ipsum I am a definition', 54, 30, 'www.example.com', '2000-01-01', 1, 1, 'http://ecx.images-amazon.com/images/I/51208G8AJQL.jpg'),
('201702452', 'The Design and Implementation of the FreeBSD Operating System', 'Lorem Ipsum I am a definition', 22, 32, 'www.example.com', '2000-01-01', 1, 1, 'http://ecx.images-amazon.com/images/I/51ARDDYDAVL.jpg'),
('205029396', 'Mastering Public Speaking (8th Edition)', 'Lorem Ipsum I am a definition', 81, 37, 'www.example.com', '2000-01-01', 1, 1, 'http://ecx.images-amazon.com/images/I/51UuwHu6tfL.jpg'),
('2067169033', 'Michelin Green Guide Bulgarie (Bulgaria) (in French) (French Edition)', 'Lorem Ipsum I am a definition', 14, 35, 'www.example.com', '2000-01-01', 1, 1, 'http://ecx.images-amazon.com/images/I/41n2jhOyDOL.jpg'),
('2080201832', 'The Best Loved Villages of France', 'Lorem Ipsum I am a definition', 62, 22, 'www.example.com', '2000-01-01', 1, 1, 'http://ecx.images-amazon.com/images/I/61GlzMCw1QL.jpg'),
('224021230', 'We Didn\'t Mean To Go To Sea', 'Lorem Ipsum I am a definition', 42, 39, 'www.example.com', '2000-01-01', 1, 1, 'http://ecx.images-amazon.com/images/I/61ufXL4SraL.jpg'),
('226320669', 'The Fatal Conceit: The Errors of Socialism (The Collected Works of F. A. Hayek)', 'Lorem Ipsum I am a definition', 10, 29, 'www.example.com', '2000-01-01', 1, 1, 'http://ecx.images-amazon.com/images/I/51QB2k8KdNL.jpg'),
('226321487', 'My Mother Was a Computer: Digital Subjects and Literary Texts', 'Lorem Ipsum I am a definition', 72, 32, 'www.example.com', '2000-01-01', 1, 1, 'http://ecx.images-amazon.com/images/I/41PTRRohoeL.jpg'),
('226629767', 'Ramus, Method, and the Decay of Dialogue: From the Art of Discourse to the Art of Reason', 'Lorem Ipsum I am a definition', 35, 45, 'www.example.com', '2000-01-01', 1, 1, 'http://ecx.images-amazon.com/images/I/51jgBzjUPmL.jpg'),
('231110030', 'Community Practice Skills: Local to Global Perspectives', 'Lorem Ipsum I am a definition', 11, 29, 'www.example.com', '2000-01-01', 1, 1, 'http://ecx.images-amazon.com/images/I/51wIHfawycL.jpg'),
('231135157', 'Soldier Dead: How We Recover, Identify, Bury, and Honor Our Military Fallen', 'Lorem Ipsum I am a definition', 32, 38, 'www.example.com', '2000-01-01', 1, 1, 'http://ecx.images-amazon.com/images/I/51CMv11SMzL.jpg'),
('231153007', 'A Philosophical Retrospective: Facts, Values, and Jewish Identity (Columbia Themes in Philosophy)', 'Lorem Ipsum I am a definition', 33, 45, 'www.example.com', '2000-01-01', 1, 1, 'http://ecx.images-amazon.com/images/I/41QG1XFvU%2BL.jpg'),
('231153546', 'They Wished They Were Honest: The Knapp Commission and New York City Police Corruption', 'Lorem Ipsum I am a definition', 20, 43, 'www.example.com', '2000-01-01', 1, 1, 'http://ecx.images-amazon.com/images/I/41ZD5vbOhFL.jpg'),
('231171404', 'Green Capital: A New Perspective on Growth', 'Lorem Ipsum I am a definition', 75, 29, 'www.example.com', '2000-01-01', 1, 1, 'http://ecx.images-amazon.com/images/I/41e3iM9V6CL.jpg'),
('240800761', 'Stereo Microphone Techniques', 'Lorem Ipsum I am a definition', 19, 34, 'www.example.com', '2000-01-01', 1, 1, 'http://ecx.images-amazon.com/images/I/41PnHf6lToL.jpg'),
('240815807', 'Mixing Secrets for  the Small Studio', 'Lorem Ipsum I am a definition', 8, 24, 'www.example.com', '2000-01-01', 1, 1, 'http://ecx.images-amazon.com/images/I/51KqC7Iw-TL.jpg'),
('253018870', 'Syria\'s Democratic Years: Citizens, Experts, and Media in the 1950s (Public Cultures of the Middle East and North Africa)', 'Lorem Ipsum I am a definition', 82, 38, 'www.example.com', '2000-01-01', 1, 1, 'http://ecx.images-amazon.com/images/I/51ONyjOp-oL.jpg'),
('262511096', 'Zen and the Brain: Toward an Understanding of Meditation and Consciousness', 'Lorem Ipsum I am a definition', 87, 21, 'www.example.com', '2000-01-01', 1, 1, 'http://ecx.images-amazon.com/images/I/41X1ybaAf0L.jpg'),
('262518651', 'Critical Play: Radical Game Design', 'Lorem Ipsum I am a definition', 0, 32, 'www.example.com', '2000-01-01', 1, 1, 'http://ecx.images-amazon.com/images/I/41zXdzRHhZL.jpg'),
('285634119', 'Warning: When I Am an Old Woman I Shall Wear Purple', 'Lorem Ipsum I am a definition', 94, 41, 'www.example.com', '2000-01-01', 1, 1, 'http://ecx.images-amazon.com/images/I/515f1-BG5TL.jpg'),
('28740173', 'The Emotional Life of the Toddler', 'Lorem Ipsum I am a definition', 87, 27, 'www.example.com', '2000-01-01', 1, 1, 'http://ecx.images-amazon.com/images/I/51haaBR2rSL.jpg'),
('2911928083', 'African Philosophy : The Pharaonic Period : 2780 - 330 BC -', 'Lorem Ipsum I am a definition', 14, 38, 'www.example.com', '2000-01-01', 1, 1, 'http://ecx.images-amazon.com/images/I/51%2B3zKJJpPL.jpg'),
('29290406', 'Science And Human Behavior', 'Lorem Ipsum I am a definition', 21, 18, 'www.example.com', '2000-01-01', 1, 1, 'http://ecx.images-amazon.com/images/I/41fNJ%2B4gu5L.jpg'),
('299151646', 'The Healthiest City: Milwaukee and the Politics of Health Reform', 'Lorem Ipsum I am a definition', 27, 35, 'www.example.com', '2000-01-01', 1, 1, 'http://ecx.images-amazon.com/images/I/51WTCse4XRL.jpg'),
('300047997X', 'Stephen Irwin', 'Lorem Ipsum I am a definition', 43, 22, 'www.example.com', '2000-01-01', 1, 1, 'http://ecx.images-amazon.com/images/I/41Mqp%2BCRhJL.jpg'),
('300110960', 'Representing Justice: Invention, Controversy, and Rights in City-States and Democratic Courtrooms (Yale Law Library Series in Legal History and Reference)', 'Lorem Ipsum I am a definition', 4, 43, 'www.example.com', '2000-01-01', 1, 1, 'http://ecx.images-amazon.com/images/I/51cMjJORDPL.jpg'),
('300178905', 'The Clerics of Islam: Religious Authority and Political Power in Saudi Arabia', 'Lorem Ipsum I am a definition', 13, 38, 'www.example.com', '2000-01-01', 1, 1, 'http://ecx.images-amazon.com/images/I/41FH%2B02xnjL.jpg'),
('300186835', 'The South China Sea: The Struggle for Power in Asia', 'Lorem Ipsum I am a definition', 68, 43, 'www.example.com', '2000-01-01', 1, 1, 'http://ecx.images-amazon.com/images/I/51-aA39ds6L.jpg'),
('300200676', 'Eternity\'s Sunrise: The Imaginative World of William Blake', 'Lorem Ipsum I am a definition', 29, 23, 'www.example.com', '2000-01-01', 1, 1, 'http://ecx.images-amazon.com/images/I/51QRtiFZJtL.jpg'),
('307275841', 'Snuff', 'Lorem Ipsum I am a definition', 21, 40, 'www.example.com', '2000-01-01', 1, 1, 'http://ecx.images-amazon.com/images/I/419Rji1XuBL.jpg'),
('307394913', 'The Book of General Ignorance', 'Lorem Ipsum I am a definition', 90, 36, 'www.example.com', '2000-01-01', 1, 1, 'http://ecx.images-amazon.com/images/I/51iybNzr7JL.jpg'),
('310240069', 'Most Important Year in a Woman\'s Life, The/The Most Important Year in a Man\'s Life', 'Lorem Ipsum I am a definition', 44, 41, 'www.example.com', '2000-01-01', 1, 1, 'http://ecx.images-amazon.com/images/I/41fDuKMDPyL.jpg'),
('310275091', 'Charts of Biblical Hebrew (ZondervanCharts)', 'Lorem Ipsum I am a definition', 35, 41, 'www.example.com', '2000-01-01', 1, 1, 'http://ecx.images-amazon.com/images/I/51oiZA6q6QL.jpg'),
('312089457', 'Sherlock Holmes: The Major Stories with Contemporary Critical Essays (Bedford Series in History & Culture)', 'Lorem Ipsum I am a definition', 74, 47, 'www.example.com', '2000-01-01', 1, 1, 'http://ecx.images-amazon.com/images/I/41ST0F0KHEL.jpg'),
('312420137', 'Illness as Metaphor and AIDS and Its Metaphors', 'Lorem Ipsum I am a definition', 86, 28, 'www.example.com', '2000-01-01', 1, 1, 'http://ecx.images-amazon.com/images/I/5168f0x2R2L.jpg'),
('312556411', 'Literature and Its Writers: A Compact Introduction to Fiction, Poetry, and Drama', 'Lorem Ipsum I am a definition', 35, 23, 'www.example.com', '2000-01-01', 1, 1, 'http://ecx.images-amazon.com/images/I/51uNnIlIwrL.jpg'),
('313335427', 'Organ Transplantation (Health and Medical Issues Today)', 'Lorem Ipsum I am a definition', 89, 28, 'www.example.com', '2000-01-01', 1, 1, 'http://ecx.images-amazon.com/images/I/51C16779N8L.jpg'),
('316008249', 'The Horse Boy: A Memoir of Healing', 'Lorem Ipsum I am a definition', 84, 20, 'www.example.com', '2000-01-01', 1, 1, 'http://ecx.images-amazon.com/images/I/41h4U7oiecL.jpg'),
('316142239', 'On the Halfpipe with Tony Hawk', 'Lorem Ipsum I am a definition', 12, 26, 'www.example.com', '2000-01-01', 1, 1, 'http://ecx.images-amazon.com/images/I/51oVL0pRaUL.jpg'),
('316185434', 'The Age of Acquiescence: The Life and Death of American Resistance to Organized Wealth and Power', 'Lorem Ipsum I am a definition', 16, 29, 'www.example.com', '2000-01-01', 1, 1, 'http://ecx.images-amazon.com/images/I/51JFeqcU96L.jpg'),
('316216429', 'Put Out More Flags', 'Lorem Ipsum I am a definition', 24, 23, 'www.example.com', '2000-01-01', 1, 1, 'http://ecx.images-amazon.com/images/I/51tXQU%2BZhDL.jpg'),
('316230847', 'We Need New Names: A Novel', 'Lorem Ipsum I am a definition', 57, 23, 'www.example.com', '2000-01-01', 1, 1, 'http://ecx.images-amazon.com/images/I/51IJ6ETNylL.jpg'),
('316234842', 'Mast Brothers Chocolate: A Family Cookbook', 'Lorem Ipsum I am a definition', 77, 33, 'www.example.com', '2000-01-01', 1, 1, 'http://ecx.images-amazon.com/images/I/61i-CtSmjZL.jpg'),
('316249084', 'Monster High: The Scary Cute Collection', 'Lorem Ipsum I am a definition', 30, 39, 'www.example.com', '2000-01-01', 1, 1, 'http://ecx.images-amazon.com/images/I/51gFmrZ0WsL.jpg'),
('316853127', 'Corgiville Fair', 'Lorem Ipsum I am a definition', 26, 26, 'www.example.com', '2000-01-01', 1, 1, 'http://ecx.images-amazon.com/images/I/51jJMlNBK8L.jpg'),
('316923354', 'Beautiful Swimmers: Watermen, Crabs and the Chesapeake Bay', 'Lorem Ipsum I am a definition', 98, 25, 'www.example.com', '2000-01-01', 1, 1, 'http://ecx.images-amazon.com/images/I/51g3G08rZuL.jpg'),
('321821467', 'Globalization and Diversity: Geography of a Changing World (4th Edition)', 'Lorem Ipsum I am a definition', 58, 25, 'www.example.com', '2000-01-01', 1, 1, 'http://ecx.images-amazon.com/images/I/51%2BBWQSuNRL.jpg'),
('321910427', 'Health: The Basics (11th Edition)', 'Lorem Ipsum I am a definition', 51, 28, 'www.example.com', '2000-01-01', 1, 1, 'http://ecx.images-amazon.com/images/I/516Mn8i0SlL.jpg'),
('321998596', 'Algebra and Trigonometry (10th Edition)', 'Lorem Ipsum I am a definition', 25, 25, 'www.example.com', '2000-01-01', 1, 1, 'http://ecx.images-amazon.com/images/I/519NP92YBwL.jpg'),
('323072534', 'Manual of High Risk Pregnancy and Delivery, 5e (Manual of High Risk Pregnancy & Delivery)', 'Lorem Ipsum I am a definition', 39, 18, 'www.example.com', '2000-01-01', 1, 1, 'http://ecx.images-amazon.com/images/I/41eD1Ln0KlL.jpg'),
('3274020192', 'Laos 1:600,000 Travel Map, waterproof, GPS-compatible, REISE, 2013 edition', 'Lorem Ipsum I am a definition', 60, 35, 'www.example.com', '2000-01-01', 1, 1, 'http://ecx.images-amazon.com/images/I/41NkeLZZTUL.jpg'),
('345373537', 'Dr. Dean Ornish\'s Program for Reversing Heart Disease', 'Lorem Ipsum I am a definition', 5, 28, 'www.example.com', '2000-01-01', 1, 1, 'http://ecx.images-amazon.com/images/I/51XM3KSMzJL.jpg'),
('3527299963', 'Stirring: Theory and Practice', 'Lorem Ipsum I am a definition', 22, 24, 'www.example.com', '2000-01-01', 1, 1, 'http://ecx.images-amazon.com/images/I/41KnOm-%2BzmL.jpg'),
('364285186X', 'Microdosimetry and Its Applications', 'Lorem Ipsum I am a definition', 59, 25, 'www.example.com', '2000-01-01', 1, 1, 'http://ecx.images-amazon.com/images/I/41pGlPmdfHL.jpg'),
('375727647', 'The Quick and the Dead', 'Lorem Ipsum I am a definition', 58, 23, 'www.example.com', '2000-01-01', 1, 1, 'http://ecx.images-amazon.com/images/I/51j8g1IckiL.jpg'),
('375753184', 'For Mothers of Difficult Daughters; How to Enrich and Repair the Relationship in Adulthood', 'Lorem Ipsum I am a definition', 44, 30, 'www.example.com', '2000-01-01', 1, 1, 'http://ecx.images-amazon.com/images/I/51ajQkgaDSL.jpg'),
('375814043', 'Thomas\' Magnetic Playbook (Thomas & Friends)', 'Lorem Ipsum I am a definition', 22, 26, 'www.example.com', '2000-01-01', 1, 1, 'http://ecx.images-amazon.com/images/I/51FSHHWSQ1L.jpg'),
('375866574', 'Shadow Scale (Seraphina)', 'Lorem Ipsum I am a definition', 26, 39, 'www.example.com', '2000-01-01', 1, 1, 'http://ecx.images-amazon.com/images/I/61KW8eu2uVL.jpg'),
('380006766', 'The Relaxation Response', 'Lorem Ipsum I am a definition', 43, 27, 'www.example.com', '2000-01-01', 1, 1, 'http://ecx.images-amazon.com/images/I/51SSzzEpNvL.jpg'),
('3805550456', 'Cell Biology of Tooth Enamel Formation: Functional Electron Microscopic Monographs (Monographs in Oral Science, Vol. 14)', 'Lorem Ipsum I am a definition', 65, 18, 'www.example.com', '2000-01-01', 1, 1, 'http://ecx.images-amazon.com/images/I/51eBd0s%2BGeL.jpg'),
('380807033', 'We\'re Not Monsters: Teens Speak Out about Teens in Trouble', 'Lorem Ipsum I am a definition', 54, 39, 'www.example.com', '2000-01-01', 1, 1, 'http://ecx.images-amazon.com/images/I/41atVhAWuyL.jpg'),
('382973851X', 'Baltic States/Estonia/Latvia/Lithuania Map (Marco Polo Maps)', 'Lorem Ipsum I am a definition', 3, 35, 'www.example.com', '2000-01-01', 1, 1, 'http://ecx.images-amazon.com/images/I/41xryrIY%2BhL.jpg'),
('3836559544', 'The Making of Stanley Kubrick\'s \'2001: A Space Odyssey\'', 'Lorem Ipsum I am a definition', 64, 36, 'www.example.com', '2000-01-01', 1, 1, 'http://ecx.images-amazon.com/images/I/51VKAp7R3RL.jpg'),
('385345607', 'Big Gay Ice Cream: Saucy Stories & Frozen Treats: Going All the Way with Ice Cream', 'Lorem Ipsum I am a definition', 40, 36, 'www.example.com', '2000-01-01', 1, 1, 'http://ecx.images-amazon.com/images/I/41JWaMi%2B%2BuL.jpg'),
('385346158', 'The Homemade Kitchen: Recipes for Cooking with Pleasure', 'Lorem Ipsum I am a definition', 23, 33, 'www.example.com', '2000-01-01', 1, 1, 'http://ecx.images-amazon.com/images/I/61-POsvPpjL.jpg'),
('385349297', 'Reasons Mommy Drinks', 'Lorem Ipsum I am a definition', 88, 36, 'www.example.com', '2000-01-01', 1, 1, 'http://ecx.images-amazon.com/images/I/41hJGXQAq%2BL.jpg'),
('385740077', 'Chinese Cinderella', 'Lorem Ipsum I am a definition', 49, 20, 'www.example.com', '2000-01-01', 1, 1, 'http://ecx.images-amazon.com/images/I/51XjuAK3fOL.jpg'),
('387751653', 'The Illusion of Certainty: Health Benefits and Risks', 'Lorem Ipsum I am a definition', 13, 18, 'www.example.com', '2000-01-01', 1, 1, 'http://ecx.images-amazon.com/images/I/31%2BdX5b6KEL.jpg'),
('387968245', 'Introduction to Analysis of the Infinite: Book I', 'Lorem Ipsum I am a definition', 17, 25, 'www.example.com', '2000-01-01', 1, 1, 'http://ecx.images-amazon.com/images/I/31IYmD1zISL.jpg'),
('3928819232', 'The Modern Coral Reef Aquarium, Volume 2 (v. 2)', 'Lorem Ipsum I am a definition', 97, 34, 'www.example.com', '2000-01-01', 1, 1, 'http://ecx.images-amazon.com/images/I/714CGZPM6WL.gif'),
('393319598', 'In Defense of History', 'Lorem Ipsum I am a definition', 28, 38, 'www.example.com', '2000-01-01', 1, 1, 'http://ecx.images-amazon.com/images/I/51ydTOtck3L.jpg'),
('393339157', 'Straight on Till Morning: The Life of Beryl Markham', 'Lorem Ipsum I am a definition', 7, 24, 'www.example.com', '2000-01-01', 1, 1, 'http://ecx.images-amazon.com/images/I/51VIlqRy-VL.jpg'),
('3935638825', 'Tropical Timbers of the World. United States Department of Agriculture, Forest Service, Agriculture Handbook Number 607. September 1984', 'Lorem Ipsum I am a definition', 97, 25, 'www.example.com', '2000-01-01', 1, 1, 'http://ecx.images-amazon.com/images/I/61OAlr1LkLL.jpg'),
('393704246', 'The Making of a Therapist (Norton Professional Books)', 'Lorem Ipsum I am a definition', 46, 18, 'www.example.com', '2000-01-01', 1, 1, 'http://ecx.images-amazon.com/images/I/41g85SUkN5L.jpg'),
('393730018', 'The Handbook of Painted Decoration: The Tools, Materials, and Step-by-Step Techniques of Trompe L\'Oeil Painting', 'Lorem Ipsum I am a definition', 13, 22, 'www.example.com', '2000-01-01', 1, 1, 'http://ecx.images-amazon.com/images/I/51BLmSCM6dL.jpg'),
('393733211', 'Gardens of Eden: Long Island\'s Early Twentieth-Century Planned Communities', 'Lorem Ipsum I am a definition', 25, 22, 'www.example.com', '2000-01-01', 1, 1, 'http://ecx.images-amazon.com/images/I/61VdgmAqxVL.jpg'),
('393928098', 'A Clockwork Orange (Norton Critical Editions)', 'Lorem Ipsum I am a definition', 36, 39, 'www.example.com', '2000-01-01', 1, 1, 'http://ecx.images-amazon.com/images/I/41%2BF6o6Sa-L.jpg'),
('393974642', 'Le Morte Darthur (Norton Critical Editions)', 'Lorem Ipsum I am a definition', 35, 23, 'www.example.com', '2000-01-01', 1, 1, 'http://ecx.images-amazon.com/images/I/51sbcSrIu9L.jpg'),
('399168834', 'Brainstorm: The Power and Purpose of the Teenage Brain', 'Lorem Ipsum I am a definition', 42, 30, 'www.example.com', '2000-01-01', 1, 1, 'http://ecx.images-amazon.com/images/I/41TQKcxPcIL.jpg'),
('399174036', 'FLAWD: How to Stop Hating on Yourself, Others, and the Things That Make You Who You Are', 'Lorem Ipsum I am a definition', 50, 27, 'www.example.com', '2000-01-01', 1, 1, 'http://ecx.images-amazon.com/images/I/51eamVcHAkL.jpg'),
('4041673410', 'Bali Travels Maldives [Japanese Edition]', 'Lorem Ipsum I am a definition', 14, 35, 'www.example.com', '2000-01-01', 1, 1, 'http://ecx.images-amazon.com/images/I/51pqgSj8YoL.jpg'),
('412610302', 'Rare Earth Minerals: Chemistry, Origin and Ore Deposits (The Mineralogical Society Series)', 'Lorem Ipsum I am a definition', 57, 25, 'www.example.com', '2000-01-01', 1, 1, 'http://ecx.images-amazon.com/images/I/51yK6HXIjZL.jpg'),
('415278449', 'The Logic of Scientific Discovery (Routledge Classics)', 'Lorem Ipsum I am a definition', 60, 25, 'www.example.com', '2000-01-01', 1, 1, 'http://ecx.images-amazon.com/images/I/61-IsJZgK6L.jpg'),
('415431689', 'The International Olympic Committee and the Olympic System: The Governance of World Sport (Global Institutions)', 'Lorem Ipsum I am a definition', 62, 31, 'www.example.com', '2000-01-01', 1, 1, 'http://ecx.images-amazon.com/images/I/51ZA4Z1h6uL.jpg'),
('415921988', 'Me Against My Brother: At War in Somalia, Sudan and Rwanda', 'Lorem Ipsum I am a definition', 88, 38, 'www.example.com', '2000-01-01', 1, 1, 'http://ecx.images-amazon.com/images/I/510RQqrmWdL.jpg'),
('425236579', 'The Mission, the Men, and Me: Lessons from a Former Delta Force Commander', 'Lorem Ipsum I am a definition', 73, 38, 'www.example.com', '2000-01-01', 1, 1, 'http://ecx.images-amazon.com/images/I/51xB9qkqsqL.jpg'),
('425243168', 'Men Out of Uniform: Three Novellas of Erotic Surrender', 'Lorem Ipsum I am a definition', 6, 40, 'www.example.com', '2000-01-01', 1, 1, 'http://ecx.images-amazon.com/images/I/51kJLc3OThL.jpg'),
('425269477', 'Eat Right 4 Your Type Personalized Cookbook Type B: 150+ Healthy Recipes For Your Blood Type Diet', 'Lorem Ipsum I am a definition', 17, 28, 'www.example.com', '2000-01-01', 1, 1, 'http://ecx.images-amazon.com/images/I/51DgWONsJZL.jpg'),
('439669960', 'Survivors: True Stories of Children in the Holocaust', 'Lorem Ipsum I am a definition', 9, 26, 'www.example.com', '2000-01-01', 1, 1, 'http://ecx.images-amazon.com/images/I/51PiqLWfO0L.jpg'),
('446581046', 'Walking the Walk (w/DVD): Getting Fit with Faith', 'Lorem Ipsum I am a definition', 63, 28, 'www.example.com', '2000-01-01', 1, 1, 'http://ecx.images-amazon.com/images/I/51KP8VqIdzL.jpg'),
('446583707', 'Letters to Penthouse Vol. 50: She\'s Wild! She\'s Horny! She\'s Married?', 'Lorem Ipsum I am a definition', 44, 40, 'www.example.com', '2000-01-01', 1, 1, 'http://ecx.images-amazon.com/images/I/51sHXHyJ0tL.jpg'),
('446696331', 'A Brother\'s Journey: Surviving a Childhood of Abuse', 'Lorem Ipsum I am a definition', 83, 27, 'www.example.com', '2000-01-01', 1, 1, 'http://ecx.images-amazon.com/images/I/51O8ADs4eZL.jpg'),
('451417097', 'Viviendo (Spanish Edition)', 'Lorem Ipsum I am a definition', 75, 28, 'www.example.com', '2000-01-01', 1, 1, 'http://ecx.images-amazon.com/images/I/51h6-EOw8oL.jpg'),
('452297036', 'The Violets of March: A Novel', 'Lorem Ipsum I am a definition', 34, 23, 'www.example.com', '2000-01-01', 1, 1, 'http://ecx.images-amazon.com/images/I/51f9miksA8L.jpg'),
('470226870', 'Outsourcing For Dummies', 'Lorem Ipsum I am a definition', 24, 29, 'www.example.com', '2000-01-01', 1, 1, 'http://ecx.images-amazon.com/images/I/51UEvL6a-dL.jpg'),
('470288574', 'Geographic Information Analysis', 'Lorem Ipsum I am a definition', 21, 24, 'www.example.com', '2000-01-01', 1, 1, 'http://ecx.images-amazon.com/images/I/4189WdAPk7L.jpg'),
('470455853', 'Winning the Professional Services Sale: Unconventional Strategies to Reach More Clients, Land Profitable Work, and Maintain Your Sanity', 'Lorem Ipsum I am a definition', 48, 29, 'www.example.com', '2000-01-01', 1, 1, 'http://ecx.images-amazon.com/images/I/51ZXNJ0vjTL.jpg'),
('470525452', 'No More Fatigue: Why You\'re So Tired and What You Can Do About It', 'Lorem Ipsum I am a definition', 87, 28, 'www.example.com', '2000-01-01', 1, 1, 'http://ecx.images-amazon.com/images/I/51Mx0Zj7YDL.jpg'),
('470590750', 'The Green to Gold Business Playbook: How to Implement Sustainability Practices for Bottom-Line Results in Every Business Function', 'Lorem Ipsum I am a definition', 83, 29, 'www.example.com', '2000-01-01', 1, 1, 'http://ecx.images-amazon.com/images/I/51yOqoRjBML.jpg'),
('470890460', 'Forensic Analytics: Methods and Techniques for Forensic Accounting Investigations', 'Lorem Ipsum I am a definition', 23, 18, 'www.example.com', '2000-01-01', 1, 1, 'http://ecx.images-amazon.com/images/I/51Jw2YLIQSL.jpg'),
('471041386', 'Polymeric Multicomponent Materials: An Introduction', 'Lorem Ipsum I am a definition', 72, 25, 'www.example.com', '2000-01-01', 1, 1, 'http://ecx.images-amazon.com/images/I/41aVeVvefKL.jpg'),
('471176397', 'More Edible Art: 75 Fresh Ideas for Garnishing', 'Lorem Ipsum I am a definition', 74, 33, 'www.example.com', '2000-01-01', 1, 1, 'http://ecx.images-amazon.com/images/I/516ysjf8ePL.jpg'),
('471197602', 'Pricing Financial Instruments: The Finite Difference Method', 'Lorem Ipsum I am a definition', 32, 29, 'www.example.com', '2000-01-01', 1, 1, 'http://ecx.images-amazon.com/images/I/510d5YvXBfL.jpg'),
('471469181', 'Creative Cash Flow Reporting: Uncovering Sustainable Financial Performance', 'Lorem Ipsum I am a definition', 71, 29, 'www.example.com', '2000-01-01', 1, 1, 'http://ecx.images-amazon.com/images/I/51kezNhoFfL.jpg'),
('471748161', 'Culinary Calculations: Simplified Math for Culinary Professionals', 'Lorem Ipsum I am a definition', 89, 33, 'www.example.com', '2000-01-01', 1, 1, 'http://ecx.images-amazon.com/images/I/51vyk0iXHGL.jpg'),
('471772720', 'Public Relations For Dummies', 'Lorem Ipsum I am a definition', 35, 29, 'www.example.com', '2000-01-01', 1, 1, 'http://ecx.images-amazon.com/images/I/51SemX2ArBL.jpg'),
('486213420', 'Handbook of the Nutritional Value of Foods in Common Units', 'Lorem Ipsum I am a definition', 94, 33, 'www.example.com', '2000-01-01', 1, 1, 'http://ecx.images-amazon.com/images/I/519WZ213MSL.jpg'),
('486273679', '101 Easy-to-Do Magic Tricks (Dover Magic Books)', 'Lorem Ipsum I am a definition', 0, 36, 'www.example.com', '2000-01-01', 1, 1, 'http://ecx.images-amazon.com/images/I/61rBFlA25%2BL.jpg'),
('486401448', 'Medieval Fashions Coloring Book (Dover Fashion Coloring Book)', 'Lorem Ipsum I am a definition', 78, 26, 'www.example.com', '2000-01-01', 1, 1, 'http://ecx.images-amazon.com/images/I/51va%2B2TuF0L.jpg'),
('486485943', 'Invitation to Dynamical Systems (Dover Books on Mathematics)', 'Lorem Ipsum I am a definition', 60, 25, 'www.example.com', '2000-01-01', 1, 1, 'http://ecx.images-amazon.com/images/I/51Ph%2BhRkRJL.jpg'),
('500514070', 'The Dry Gardening Handbook: Plants and Practices for a Changing Climate', 'Lorem Ipsum I am a definition', 37, 34, 'www.example.com', '2000-01-01', 1, 1, 'http://ecx.images-amazon.com/images/I/61-nYOgQ%2BFL.jpg'),
('515132020', 'Heaven and Earth (Three Sisters Island Trilogy)', 'Lorem Ipsum I am a definition', 19, 40, 'www.example.com', '2000-01-01', 1, 1, 'http://ecx.images-amazon.com/images/I/51frnuDeUrL.jpg'),
('520089790', 'Dateline Soweto: Travels with Black South African Reporters', 'Lorem Ipsum I am a definition', 34, 35, 'www.example.com', '2000-01-01', 1, 1, 'http://ecx.images-amazon.com/images/I/51AA3PQGCAL.jpg'),
('520255224', 'Encyclopedia of Pasta (California Studies in Food and Culture)', 'Lorem Ipsum I am a definition', 19, 33, 'www.example.com', '2000-01-01', 1, 1, 'http://ecx.images-amazon.com/images/I/513wyPMDZ%2BL.jpg'),
('520258622', 'The Atlas of Endangered Species (Atlas Of... (University of California Press))', 'Lorem Ipsum I am a definition', 11, 25, 'www.example.com', '2000-01-01', 1, 1, 'http://ecx.images-amazon.com/images/I/512FdPxnRIL.jpg'),
('520272900', 'Dirt: The Erosion of Civilizations', 'Lorem Ipsum I am a definition', 4, 25, 'www.example.com', '2000-01-01', 1, 1, 'http://ecx.images-amazon.com/images/I/51IyTk%2BOHjL.jpg'),
('520282450', 'The Trouble with Marriage: Feminists Confront Law and Violence in India (Gender and Justice)', 'Lorem Ipsum I am a definition', 60, 43, 'www.example.com', '2000-01-01', 1, 1, 'http://ecx.images-amazon.com/images/I/41XlzvJRtVL.jpg'),
('521456924', 'Diagrammatica: The Path to Feynman Diagrams (Cambridge Lecture Notes in Physics)', 'Lorem Ipsum I am a definition', 86, 25, 'www.example.com', '2000-01-01', 1, 1, 'http://ecx.images-amazon.com/images/I/41n7iZq-0jL.jpg'),
('521642221', 'Principles of Optics: Electromagnetic Theory of Propagation, Interference and Diffraction of Light', 'Lorem Ipsum I am a definition', 2, 25, 'www.example.com', '2000-01-01', 1, 1, 'http://ecx.images-amazon.com/images/I/41UjGlA4QpL.jpg'),
('521642248', 'Moral Combat: The Dilemma of Legal Perspectivalism (Cambridge Studies in Philosophy and Law)', 'Lorem Ipsum I am a definition', 20, 43, 'www.example.com', '2000-01-01', 1, 1, 'http://ecx.images-amazon.com/images/I/31j6V56WVyL.jpg'),
('525428119', 'Mr. Pants: Trick or Feet!', 'Lorem Ipsum I am a definition', 77, 26, 'www.example.com', '2000-01-01', 1, 1, 'http://ecx.images-amazon.com/images/I/61CUg3icC9L.jpg'),
('525483519', 'Classic Plastic Radios of the 1930s and 1940s: A Collector\'s Guide to Catalin Models', 'Lorem Ipsum I am a definition', 10, 34, 'www.example.com', '2000-01-01', 1, 1, 'http://ecx.images-amazon.com/images/I/51yrFxfzfJL.jpg'),
('531222098', 'Thomas Edison: Inventor with a Lot of Bright Ideas (Getting to Know the World\'s Greatest Inventors & Scientists)', 'Lorem Ipsum I am a definition', 43, 26, 'www.example.com', '2000-01-01', 1, 1, 'http://ecx.images-amazon.com/images/I/61GJlGBp4lL.jpg'),
('531281574', 'Immigration (Cornerstones of Freedom: Third)', 'Lorem Ipsum I am a definition', 82, 26, 'www.example.com', '2000-01-01', 1, 1, 'http://ecx.images-amazon.com/images/I/51Ezpup807L.jpg'),
('534560318', 'Right Down Your Alley: The Beginner\'s Book of Bowling (The Wadsworth Activities Series)', 'Lorem Ipsum I am a definition', 69, 31, 'www.example.com', '2000-01-01', 1, 1, 'http://ecx.images-amazon.com/images/I/51teBTpzRDL.jpg'),
('544340477', 'Mary Poppins: 80th Anniversary Collection', 'Lorem Ipsum I am a definition', 35, 26, 'www.example.com', '2000-01-01', 1, 1, 'http://ecx.images-amazon.com/images/I/51Bn-lq31uL.jpg'),
('545130484', 'Ready, Freddy! #22: Science Fair Flop', 'Lorem Ipsum I am a definition', 57, 26, 'www.example.com', '2000-01-01', 1, 1, 'http://ecx.images-amazon.com/images/I/51A2z8I-4DL.jpg'),
('545206944', 'I Survived the Sinking of the Titanic, 1912', 'Lorem Ipsum I am a definition', 73, 26, 'www.example.com', '2000-01-01', 1, 1, 'http://ecx.images-amazon.com/images/I/51wtHhPklLL.jpg'),
('545348307', 'Winter\'s Tail: How One Little Dolphin Learned to Swim Again', 'Lorem Ipsum I am a definition', 83, 26, 'www.example.com', '2000-01-01', 1, 1, 'http://ecx.images-amazon.com/images/I/512VKgGO59L.jpg'),
('545494788', 'Mush! The Sled Dogs of the Iditarod', 'Lorem Ipsum I am a definition', 94, 31, 'www.example.com', '2000-01-01', 1, 1, 'http://ecx.images-amazon.com/images/I/51Hnbxr9-7L.jpg'),
('545509157', 'Rescue Princesses #3: The Moonlight Mystery', 'Lorem Ipsum I am a definition', 26, 26, 'www.example.com', '2000-01-01', 1, 1, 'http://ecx.images-amazon.com/images/I/516LCDf7boL.jpg'),
('545663849', 'LEGO Ninjago: Techno Strike! (Reader #9)', 'Lorem Ipsum I am a definition', 34, 26, 'www.example.com', '2000-01-01', 1, 1, 'http://ecx.images-amazon.com/images/I/51c%2BB1gbzRL.jpg'),
('545700272', 'A Handful of Stars', 'Lorem Ipsum I am a definition', 65, 26, 'www.example.com', '2000-01-01', 1, 1, 'http://ecx.images-amazon.com/images/I/51KyLXczCqL.jpg'),
('547722044', 'Tales from Earthsea (The Earthsea Cycle)', 'Lorem Ipsum I am a definition', 78, 39, 'www.example.com', '2000-01-01', 1, 1, 'http://ecx.images-amazon.com/images/I/511UIO9c47L.jpg'),
('551032510', 'Colours of Survival: Discovering Hope in Bangladesh', 'Lorem Ipsum I am a definition', 65, 35, 'www.example.com', '2000-01-01', 1, 1, 'http://ecx.images-amazon.com/images/I/5175HzQLC3L.jpg'),
('553508784', 'Paw Patrol Phonics Box Set (PAW Patrol) (Step into Reading)', 'Lorem Ipsum I am a definition', 13, 37, 'www.example.com', '2000-01-01', 1, 1, 'http://ecx.images-amazon.com/images/I/51V7y865BxL.jpg'),
('553533967', 'Spooky & Spookier: Four American Ghost Stories (Step into Reading)', 'Lorem Ipsum I am a definition', 70, 26, 'www.example.com', '2000-01-01', 1, 1, 'http://ecx.images-amazon.com/images/I/51T-njyx2WL.jpg'),
('553579908', 'A Clash of Kings (A Song of Ice and Fire, Book 2)', 'Lorem Ipsum I am a definition', 67, 42, 'www.example.com', '2000-01-01', 1, 1, 'http://ecx.images-amazon.com/images/I/51o2UG3sp3L.jpg'),
('553588206', 'Personal Demon (Women of the Otherworld)', 'Lorem Ipsum I am a definition', 27, 23, 'www.example.com', '2000-01-01', 1, 1, 'http://ecx.images-amazon.com/images/I/41X1OnmN-7L.jpg'),
('582437164', 'Shakespeare on Film', 'Lorem Ipsum I am a definition', 89, 36, 'www.example.com', '2000-01-01', 1, 1, 'http://ecx.images-amazon.com/images/I/41xAYBYJE%2BL.jpg'),
('595092012', 'Gassed in the Gulf: The Inside Story of the Pentagon-CIA Cover-up of Gulf War Syndrome', 'Lorem Ipsum I am a definition', 70, 38, 'www.example.com', '2000-01-01', 1, 1, 'http://ecx.images-amazon.com/images/I/51SVfXgsobL.jpg'),
('595341993', 'Reincarnation and Karma: How They Really Affect Us: The Eastern Explanation of Our Past and Future Lives and Good or Bad Experiences', 'Lorem Ipsum I am a definition', 50, 21, 'www.example.com', '2000-01-01', 1, 1, 'http://ecx.images-amazon.com/images/I/41V8BFqBMnL.jpg'),
('596000669', 'Unix for Oracle Dbas Pocket Reference', 'Lorem Ipsum I am a definition', 54, 32, 'www.example.com', '2000-01-01', 1, 1, 'http://ecx.images-amazon.com/images/I/41yYszE83ZL.jpg'),
('596514549', 'Oracle Essentials: Oracle Database 11g', 'Lorem Ipsum I am a definition', 34, 32, 'www.example.com', '2000-01-01', 1, 1, 'http://ecx.images-amazon.com/images/I/51pVtRWu3NL.jpg');
INSERT INTO `books` (`isbn`, `title`, `description`, `price`, `categoryId`, `previewLink`, `publicationDate`, `edition`, `publisherId`, `displayImage`) VALUES
('596527322', 'HTML & XHTML: The Definitive Guide (6th Edition)', 'Lorem Ipsum I am a definition', 23, 32, 'www.example.com', '2000-01-01', 1, 1, 'http://ecx.images-amazon.com/images/I/5159f7hqJjL.jpg'),
('60007788', 'Finding Fish: A Memoir', 'Lorem Ipsum I am a definition', 70, 36, 'www.example.com', '2000-01-01', 1, 1, 'http://ecx.images-amazon.com/images/I/41NwphpmmRL.jpg'),
('60086521', 'Hitler\'s Daughter (Bccb Blue Ribbon Fiction Books (Awards))', 'Lorem Ipsum I am a definition', 47, 26, 'www.example.com', '2000-01-01', 1, 1, 'http://ecx.images-amazon.com/images/I/51uQQ5SOouL.jpg'),
('60283262', 'If You Give a Pig a Party', 'Lorem Ipsum I am a definition', 93, 26, 'www.example.com', '2000-01-01', 1, 1, 'http://ecx.images-amazon.com/images/I/61tcope7IWL.jpg'),
('60530898', 'Where\'s the Poop?', 'Lorem Ipsum I am a definition', 30, 26, 'www.example.com', '2000-01-01', 1, 1, 'http://ecx.images-amazon.com/images/I/61fuOKEseRL.jpg'),
('60750715', 'George Balanchine: The Ballet Maker (Eminent Lives)', 'Lorem Ipsum I am a definition', 5, 20, 'www.example.com', '2000-01-01', 1, 1, 'http://ecx.images-amazon.com/images/I/51p5aUY%2BOKL.jpg'),
('60766263', 'Night of the Soul Stealer (The Last Apprentice, Book 3)', 'Lorem Ipsum I am a definition', 2, 39, 'www.example.com', '2000-01-01', 1, 1, 'http://ecx.images-amazon.com/images/I/615raT2XMQL.jpg'),
('60777508', 'Devotional Classics: Revised Edition: Selected Readings for Individuals and Groups', 'Lorem Ipsum I am a definition', 8, 38, 'www.example.com', '2000-01-01', 1, 1, 'http://ecx.images-amazon.com/images/I/51raw5B2llL.jpg'),
('60955589', 'Eternal Echoes: Celtic Reflections on Our Yearning to Belong', 'Lorem Ipsum I am a definition', 7, 21, 'www.example.com', '2000-01-01', 1, 1, 'http://ecx.images-amazon.com/images/I/61uSLJxVwEL.jpg'),
('609810308', 'Journey from the Land of No: A Girlhood Caught in Revolutionary Iran', 'Lorem Ipsum I am a definition', 17, 21, 'www.example.com', '2000-01-01', 1, 1, 'http://ecx.images-amazon.com/images/I/41268G4J0QL.jpg'),
('61139009', 'Geek Chic: The Zoey Zone (Geek Chic (Quality))', 'Lorem Ipsum I am a definition', 86, 36, 'www.example.com', '2000-01-01', 1, 1, 'http://ecx.images-amazon.com/images/I/511HVc4rRSL.jpg'),
('61231770', 'Shadow of the Silk Road (P.S.)', 'Lorem Ipsum I am a definition', 81, 35, 'www.example.com', '2000-01-01', 1, 1, 'http://ecx.images-amazon.com/images/I/5113I7fTjjL.jpg'),
('613721209', 'It\'s St. Patrick\'s Day (Turtleback School & Library Binding Edition) (Scholastic Reader: Level 1 (Pb))', 'Lorem Ipsum I am a definition', 52, 26, 'www.example.com', '2000-01-01', 1, 1, 'http://ecx.images-amazon.com/images/I/51lXAnDj5RL.jpg'),
('615112900', 'The Tree Climber\'s Companion: A Reference And Training Manual For Professional Tree Climbers', 'Lorem Ipsum I am a definition', 42, 25, 'www.example.com', '2000-01-01', 1, 1, 'http://ecx.images-amazon.com/images/I/319CCThGjaL.jpg'),
('615291597', 'The Facial Hair Handbook', 'Lorem Ipsum I am a definition', 67, 28, 'www.example.com', '2000-01-01', 1, 1, 'http://ecx.images-amazon.com/images/I/51gt8Qw5CKL.jpg'),
('615656951', 'Stick it in Your Ear: Get yourself or a loved one unstuck from a hearing problem', 'Lorem Ipsum I am a definition', 69, 28, 'www.example.com', '2000-01-01', 1, 1, 'http://ecx.images-amazon.com/images/I/51psuPHcTrL.jpg'),
('615720552', 'Divorcing a Narcissist - One Mom\'s Battle', 'Lorem Ipsum I am a definition', 91, 30, 'www.example.com', '2000-01-01', 1, 1, 'http://ecx.images-amazon.com/images/I/51SwPicmUiL.jpg'),
('615739121', 'Soul Comfort for Cat Lovers: Coping Wisdom for Heart and Soul After the Loss of a Beloved Feline', 'Lorem Ipsum I am a definition', 36, 34, 'www.example.com', '2000-01-01', 1, 1, 'http://ecx.images-amazon.com/images/I/41T7otYM6UL.jpg'),
('61582417', 'The First Man in Rome (Masters of Rome)', 'Lorem Ipsum I am a definition', 83, 23, 'www.example.com', '2000-01-01', 1, 1, 'http://ecx.images-amazon.com/images/I/51Lz7kibINL.jpg'),
('61628352', 'Devotion: A Memoir', 'Lorem Ipsum I am a definition', 34, 20, 'www.example.com', '2000-01-01', 1, 1, 'http://ecx.images-amazon.com/images/I/41ZDTz1hYXL.jpg'),
('618065679', 'Curious George Takes a Train', 'Lorem Ipsum I am a definition', 32, 26, 'www.example.com', '2000-01-01', 1, 1, 'http://ecx.images-amazon.com/images/I/51zRP35bzSL.jpg'),
('61829617', 'Fire on the Mountain: The True Story of the South Canyon Fire', 'Lorem Ipsum I am a definition', 67, 25, 'www.example.com', '2000-01-01', 1, 1, 'http://ecx.images-amazon.com/images/I/51dcgcnLd6L.jpg'),
('618428852', 'United States History  Early Years (Level 5): Houghton Mifflin Social Studies', 'Lorem Ipsum I am a definition', 95, 26, 'www.example.com', '2000-01-01', 1, 1, 'http://ecx.images-amazon.com/images/I/51N4hEjfIyL.jpg'),
('62019236', 'Wet & Wild (Viking II)', 'Lorem Ipsum I am a definition', 84, 40, 'www.example.com', '2000-01-01', 1, 1, 'http://ecx.images-amazon.com/images/I/51W723WOdnL.jpg'),
('62060090', 'Champions of Breakfast (Cold Cereal Saga)', 'Lorem Ipsum I am a definition', 10, 26, 'www.example.com', '2000-01-01', 1, 1, 'http://ecx.images-amazon.com/images/I/51C6TsCqdyL.jpg'),
('62110721', 'Pete the Cat: Pete at the Beach (My First I Can Read)', 'Lorem Ipsum I am a definition', 42, 26, 'www.example.com', '2000-01-01', 1, 1, 'http://ecx.images-amazon.com/images/I/51NPHE-mE2L.jpg'),
('62270818', 'Curiosity House: The Shrunken Head', 'Lorem Ipsum I am a definition', 31, 26, 'www.example.com', '2000-01-01', 1, 1, 'http://ecx.images-amazon.com/images/I/51ym8QpC%2BZL.jpg'),
('62275496', 'Dorothy L. Sayers: The Complete Stories', 'Lorem Ipsum I am a definition', 27, 47, 'www.example.com', '2000-01-01', 1, 1, 'http://ecx.images-amazon.com/images/I/51luHH98Z3L.jpg'),
('62287885', 'A Replacement Life: A Novel (P.S.)', 'Lorem Ipsum I am a definition', 57, 23, 'www.example.com', '2000-01-01', 1, 1, 'http://ecx.images-amazon.com/images/I/51ZLb43JhhL.jpg'),
('62353241', 'Your New Prime: 30 Days to Better Sex, Eternal Strength, and a Kick-Ass Life After 40', 'Lorem Ipsum I am a definition', 35, 28, 'www.example.com', '2000-01-01', 1, 1, 'http://ecx.images-amazon.com/images/I/51%2BcJ7q0kIL.jpg'),
('632049294', 'An Introduction to Geophysical Exploration', 'Lorem Ipsum I am a definition', 62, 25, 'www.example.com', '2000-01-01', 1, 1, 'http://ecx.images-amazon.com/images/I/61JG7pYOmfL.jpg'),
('671028154', 'Sleep Demons: An Insomniac\'s Memoir', 'Lorem Ipsum I am a definition', 50, 18, 'www.example.com', '2000-01-01', 1, 1, 'http://ecx.images-amazon.com/images/I/51V2P8ZDQNL.jpg'),
('671732498', 'A Separate Reality', 'Lorem Ipsum I am a definition', 32, 21, 'www.example.com', '2000-01-01', 1, 1, 'http://ecx.images-amazon.com/images/I/51dQT2Lp1GL.jpg'),
('671798111', 'A Season Is a Lifetime: The Inside Story of the Duke Blue Devils and Their Championship Seasons', 'Lorem Ipsum I am a definition', 88, 31, 'www.example.com', '2000-01-01', 1, 1, 'http://ecx.images-amazon.com/images/I/41q2SfdO%2BzL.jpg'),
('672326876', 'Plone Content Management Essentials', 'Lorem Ipsum I am a definition', 72, 32, 'www.example.com', '2000-01-01', 1, 1, 'http://ecx.images-amazon.com/images/I/517B3M5CHWL.jpg'),
('674025490', 'Why People Die by Suicide', 'Lorem Ipsum I am a definition', 43, 27, 'www.example.com', '2000-01-01', 1, 1, 'http://ecx.images-amazon.com/images/I/41XUheTC2IL.jpg'),
('674728823', 'The Land of the Elephant Kings: Space, Territory, and Ideology in the Seleucid Empire', 'Lorem Ipsum I am a definition', 59, 38, 'www.example.com', '2000-01-01', 1, 1, 'http://ecx.images-amazon.com/images/I/51AE52Hiz3L.jpg'),
('674990854', 'Seneca: Epistles 66-92 (Loeb No. 76)', 'Lorem Ipsum I am a definition', 92, 23, 'www.example.com', '2000-01-01', 1, 1, 'http://ecx.images-amazon.com/images/I/41cuXWA04fL.jpg'),
('679407596', 'Doctor Zhivago (Everyman\'s Library)', 'Lorem Ipsum I am a definition', 83, 40, 'www.example.com', '2000-01-01', 1, 1, 'http://ecx.images-amazon.com/images/I/51GEXT3Y4RL.jpg'),
('679746323', 'Mao: The Unknown Story', 'Lorem Ipsum I am a definition', 23, 20, 'www.example.com', '2000-01-01', 1, 1, 'http://ecx.images-amazon.com/images/I/519FQVMBXNL.jpg'),
('679847596', 'Ballet Shoes (The Shoe Books)', 'Lorem Ipsum I am a definition', 25, 26, 'www.example.com', '2000-01-01', 1, 1, 'http://ecx.images-amazon.com/images/I/51Jl3mguADL.jpg'),
('684871483', 'Kokology: The Game of Self-Discovery', 'Lorem Ipsum I am a definition', 63, 36, 'www.example.com', '2000-01-01', 1, 1, 'http://ecx.images-amazon.com/images/I/51JcyBoDSiL.jpg'),
('684922967', 'Stone Soup', 'Lorem Ipsum I am a definition', 50, 26, 'www.example.com', '2000-01-01', 1, 1, 'http://ecx.images-amazon.com/images/I/51vm0Sl3SYL.jpg'),
('688135765', 'Shortcut', 'Lorem Ipsum I am a definition', 89, 26, 'www.example.com', '2000-01-01', 1, 1, 'http://ecx.images-amazon.com/images/I/61gCGr0YMzL.jpg'),
('689806272', 'Elizabeth Blackwell: Girl Doctor (Childhood of Famous Americans)', 'Lorem Ipsum I am a definition', 94, 26, 'www.example.com', '2000-01-01', 1, 1, 'http://ecx.images-amazon.com/images/I/51AakJAPUnL.jpg'),
('689815565', 'The Children\'s Book of Kwanzaa: A Guide to Celebrating the Holiday', 'Lorem Ipsum I am a definition', 100, 26, 'www.example.com', '2000-01-01', 1, 1, 'http://ecx.images-amazon.com/images/I/51ts%2BpxnpRL.jpg'),
('689851928', 'America : A Patriotic Primer', 'Lorem Ipsum I am a definition', 31, 26, 'www.example.com', '2000-01-01', 1, 1, 'http://ecx.images-amazon.com/images/I/515fhWsXMTL.jpg'),
('689858817', 'Chicka Chicka 1, 2, 3', 'Lorem Ipsum I am a definition', 99, 26, 'www.example.com', '2000-01-01', 1, 1, 'http://ecx.images-amazon.com/images/I/51VdMvHUO6L.jpg'),
('691158223', 'Four Colors Suffice: How the Map Problem Was Solved (Princeton Science Library)', 'Lorem Ipsum I am a definition', 86, 25, 'www.example.com', '2000-01-01', 1, 1, 'http://ecx.images-amazon.com/images/I/51xeepvRbrL.jpg'),
('691160732', 'Beyond the Beat: Musicians Building Community in Nashville', 'Lorem Ipsum I am a definition', 44, 22, 'www.example.com', '2000-01-01', 1, 1, 'http://ecx.images-amazon.com/images/I/51at2H4yIGL.jpg'),
('691164126', 'On Conan Doyle: Or, The Whole Art of Storytelling (Writers on Writers)', 'Lorem Ipsum I am a definition', 51, 47, 'www.example.com', '2000-01-01', 1, 1, 'http://ecx.images-amazon.com/images/I/41fBUGHemXL.jpg'),
('692252967', 'Fearless & Fabulous: 10 Powerful Strategies for Getting Anything You Want in Life', 'Lorem Ipsum I am a definition', 81, 27, 'www.example.com', '2000-01-01', 1, 1, 'http://ecx.images-amazon.com/images/I/51ZEDzWIDkL.jpg'),
('692311963', '299 Days: The 43 Colonels (Volume 10)', 'Lorem Ipsum I am a definition', 6, 42, 'www.example.com', '2000-01-01', 1, 1, 'http://ecx.images-amazon.com/images/I/51eikBd88JL.jpg'),
('700616020', 'One Man Out: Curt Flood versus Baseball (Landmark Law Cases and American Society)', 'Lorem Ipsum I am a definition', 4, 43, 'www.example.com', '2000-01-01', 1, 1, 'http://ecx.images-amazon.com/images/I/41qt1Eop%2BRL.jpg'),
('711232997', 'The English Country House Garden', 'Lorem Ipsum I am a definition', 99, 34, 'www.example.com', '2000-01-01', 1, 1, 'http://ecx.images-amazon.com/images/I/61c4EZtdtNL.jpg'),
('714841013', 'Queen Mary', 'Lorem Ipsum I am a definition', 26, 22, 'www.example.com', '2000-01-01', 1, 1, 'http://ecx.images-amazon.com/images/I/41oTR2ft4ZL.jpg'),
('714868493', 'Wallpaper* City Guide London 2015', 'Lorem Ipsum I am a definition', 42, 35, 'www.example.com', '2000-01-01', 1, 1, 'http://ecx.images-amazon.com/images/I/31-b2pKzteL.jpg'),
('71487816', 'Schaum\'s Outline of Fluid Mechanics (Schaum\'s Outlines)', 'Lorem Ipsum I am a definition', 46, 24, 'www.example.com', '2000-01-01', 1, 1, 'http://ecx.images-amazon.com/images/I/511ImbQQBLL.jpg'),
('715332813', 'Extraordinary Clouds', 'Lorem Ipsum I am a definition', 97, 25, 'www.example.com', '2000-01-01', 1, 1, 'http://ecx.images-amazon.com/images/I/51-RMzAGjwL.jpg'),
('71768858', 'Oracle Database 11g & MySQL 5.6 Developer Handbook (Oracle Press)', 'Lorem Ipsum I am a definition', 25, 32, 'www.example.com', '2000-01-01', 1, 1, 'http://ecx.images-amazon.com/images/I/51jsXgH2pGL.jpg'),
('71817700', 'Lean Healthcare Deployment and Sustainability', 'Lorem Ipsum I am a definition', 44, 18, 'www.example.com', '2000-01-01', 1, 1, 'http://ecx.images-amazon.com/images/I/41d1bevrDUL.jpg'),
('71825053', 'Basic and Clinical Pharmacology 13 E', 'Lorem Ipsum I am a definition', 64, 18, 'www.example.com', '2000-01-01', 1, 1, 'http://ecx.images-amazon.com/images/I/61x8Dfxs9CL.jpg'),
('71834621', 'LANGE Radiography Review Flashcards', 'Lorem Ipsum I am a definition', 74, 18, 'www.example.com', '2000-01-01', 1, 1, 'http://ecx.images-amazon.com/images/I/51oeCLUsYbL.jpg'),
('71846611', 'McGraw-Hill Education Preparation for the GED® Test with DVD-ROM', 'Lorem Ipsum I am a definition', 37, 19, 'www.example.com', '2000-01-01', 1, 1, 'http://ecx.images-amazon.com/images/I/51t14bHtmYL.jpg'),
('718824725', 'Visiting a Sikh Temple (Meeting Religious Groups)', 'Lorem Ipsum I am a definition', 28, 39, 'www.example.com', '2000-01-01', 1, 1, 'http://ecx.images-amazon.com/images/I/51EmlBv9x2L.jpg'),
('718825837', 'Thinking about Islam (Thinking about Religion)', 'Lorem Ipsum I am a definition', 90, 39, 'www.example.com', '2000-01-01', 1, 1, 'http://ecx.images-amazon.com/images/I/416XBHB3PML.jpg'),
('7210361', 'Asthma-Free Naturally: Everything You Need to Know About Taking Control of Your Asthma--Featuring the Buteyko Breathing Method Suitable for Adults and Children', 'Lorem Ipsum I am a definition', 27, 28, 'www.example.com', '2000-01-01', 1, 1, 'http://ecx.images-amazon.com/images/I/41q8QxWqXzL.jpg'),
('72129441', 'Build Your Own PC Pocket Reference', 'Lorem Ipsum I am a definition', 4, 32, 'www.example.com', '2000-01-01', 1, 1, 'http://ecx.images-amazon.com/images/I/51TK9YWYD1L.jpg'),
('72319585', 'Health Education and Health Promotion: Learner-Centered Instructional Strategies', 'Lorem Ipsum I am a definition', 53, 28, 'www.example.com', '2000-01-01', 1, 1, 'http://ecx.images-amazon.com/images/I/411ZXVB9QJL.jpg'),
('72556420', 'Exercise Physiology: Human Bioenergetics and Its Applications', 'Lorem Ipsum I am a definition', 10, 18, 'www.example.com', '2000-01-01', 1, 1, 'http://ecx.images-amazon.com/images/I/41vxmhhp2yL.jpg'),
('73517852', 'Principles of Microeconomics', 'Lorem Ipsum I am a definition', 98, 29, 'www.example.com', '2000-01-01', 1, 1, 'http://ecx.images-amazon.com/images/I/511IaP4FCKL.jpg'),
('735588341', 'Disaster Law and Policy, Second Edition (Aspen Elective)', 'Lorem Ipsum I am a definition', 95, 25, 'www.example.com', '2000-01-01', 1, 1, 'http://ecx.images-amazon.com/images/I/41-nm-fpWmL.jpg'),
('735588600', 'Property Law: Rules, Policies and Practices, 5th Edition', 'Lorem Ipsum I am a definition', 86, 43, 'www.example.com', '2000-01-01', 1, 1, 'http://ecx.images-amazon.com/images/I/41BY6EjThJL.jpg'),
('735623430', 'Take Back Your Life!: Using Microsoft Office Outlook 2007 to Get Organized and Stay Organized', 'Lorem Ipsum I am a definition', 87, 32, 'www.example.com', '2000-01-01', 1, 1, 'http://ecx.images-amazon.com/images/I/51lOzIs5uwL.jpg'),
('735659877', 'Microsoft Access 2010 VBA Programming Inside Out', 'Lorem Ipsum I am a definition', 46, 32, 'www.example.com', '2000-01-01', 1, 1, 'http://ecx.images-amazon.com/images/I/51hhSsg7SUL.jpg'),
('736042741', 'Coaching Track & Field Successfully (Coaching Successfully Series)', 'Lorem Ipsum I am a definition', 69, 31, 'www.example.com', '2000-01-01', 1, 1, 'http://ecx.images-amazon.com/images/I/51VC0hTZeEL.jpg'),
('737732997', 'Violence in the Media (Current Controversies)', 'Lorem Ipsum I am a definition', 51, 39, 'www.example.com', '2000-01-01', 1, 1, 'http://ecx.images-amazon.com/images/I/51u49UZL%2B4L.jpg'),
('737743166', 'Aid to Africa (Current Controversies)', 'Lorem Ipsum I am a definition', 73, 39, 'www.example.com', '2000-01-01', 1, 1, 'http://ecx.images-amazon.com/images/I/511sq%2BBdlmL.jpg'),
('739714546', 'Eritrea Country Study Guide (World Country Study Guide', 'Lorem Ipsum I am a definition', 54, 35, 'www.example.com', '2000-01-01', 1, 1, 'http://ecx.images-amazon.com/images/I/71EDNZJNW6L.gif'),
('739836048', 'GED Exercise Books: Student Workbook Language Arts, Reading', 'Lorem Ipsum I am a definition', 22, 19, 'www.example.com', '2000-01-01', 1, 1, 'http://ecx.images-amazon.com/images/I/51XxtABwI0L.jpg'),
('739867008', 'Pre-GED: Student Edition Science', 'Lorem Ipsum I am a definition', 72, 19, 'www.example.com', '2000-01-01', 1, 1, 'http://ecx.images-amazon.com/images/I/51W-yT6BPnL.jpg'),
('743203259', 'The Hidden Face of God: Science Reveals the Ultimate Truth', 'Lorem Ipsum I am a definition', 78, 45, 'www.example.com', '2000-01-01', 1, 1, 'http://ecx.images-amazon.com/images/I/51mxdFPQ7PL.jpg'),
('743294165', 'Brokeback Mountain: Story to Screenplay', 'Lorem Ipsum I am a definition', 65, 36, 'www.example.com', '2000-01-01', 1, 1, 'http://ecx.images-amazon.com/images/I/51-HH78XoOL.jpg'),
('743442970', 'The Lord of the Rings: The Fellowship of the Rings: A Strategy Battle Game', 'Lorem Ipsum I am a definition', 50, 42, 'www.example.com', '2000-01-01', 1, 1, 'http://ecx.images-amazon.com/images/I/51HTNAT0JVL.jpg'),
('746020619', 'Tales of King Arthur (Library of Fantasy & Adventure)', 'Lorem Ipsum I am a definition', 41, 26, 'www.example.com', '2000-01-01', 1, 1, 'http://ecx.images-amazon.com/images/I/518GSGH06HL.jpg'),
('747807108', 'Garden Gnomes: A History (Shire Library)', 'Lorem Ipsum I am a definition', 57, 34, 'www.example.com', '2000-01-01', 1, 1, 'http://ecx.images-amazon.com/images/I/41v5XSfhRwL.jpg'),
('752886096', 'Untitled Harrold 2 of 3: The Hypnosis Solution for Deeper, Longer Sleep', 'Lorem Ipsum I am a definition', 84, 28, 'www.example.com', '2000-01-01', 1, 1, 'http://ecx.images-amazon.com/images/I/41tmfMgTP3L.jpg'),
('754825124', 'New Crafts: Basketwork: 25 practical basket-making projects for every level of experience', 'Lorem Ipsum I am a definition', 69, 34, 'www.example.com', '2000-01-01', 1, 1, 'http://ecx.images-amazon.com/images/I/51CmcRzD37L.jpg'),
('755365895', 'David Beckham', 'Lorem Ipsum I am a definition', 37, 20, 'www.example.com', '2000-01-01', 1, 1, 'http://ecx.images-amazon.com/images/I/51pwXBRi15L.jpg'),
('756545102', 'Breaker Boys: How a Photograph Helped End Child Labor (Captured History)', 'Lorem Ipsum I am a definition', 17, 26, 'www.example.com', '2000-01-01', 1, 1, 'http://ecx.images-amazon.com/images/I/51FnhaY-yTL.jpg'),
('756628989', 'The New Self-Sufficient Gardener', 'Lorem Ipsum I am a definition', 65, 34, 'www.example.com', '2000-01-01', 1, 1, 'http://ecx.images-amazon.com/images/I/61nKJRMsPKL.jpg'),
('757003702', 'The Natural Prostate Cure, Second Edition: A Practical Guide to Using Diet and Supplements for a Healthy Prostate', 'Lorem Ipsum I am a definition', 74, 28, 'www.example.com', '2000-01-01', 1, 1, 'http://ecx.images-amazon.com/images/I/51BQxGcPIzL.jpg'),
('758274769', 'Bad Blood', 'Lorem Ipsum I am a definition', 92, 23, 'www.example.com', '2000-01-01', 1, 1, 'http://ecx.images-amazon.com/images/I/51NbBNfAZ2L.jpg'),
('758626878', 'The Chief Theological Topics: Loci Praecipui Theologici 1559', 'Lorem Ipsum I am a definition', 71, 41, 'www.example.com', '2000-01-01', 1, 1, 'http://ecx.images-amazon.com/images/I/51UCUUoonuL.jpg'),
('758635265', 'The Mother of the Reformation: The Amazing Life and Story of Katharine Luther', 'Lorem Ipsum I am a definition', 20, 41, 'www.example.com', '2000-01-01', 1, 1, 'http://ecx.images-amazon.com/images/I/51ALZlAAMjL.jpg'),
('761149120', 'Brain Quest Workbook: Kindergarten', 'Lorem Ipsum I am a definition', 6, 26, 'www.example.com', '2000-01-01', 1, 1, 'http://ecx.images-amazon.com/images/I/61AfA2ff4gL.jpg'),
('761925562', 'Research Methods in Applied Behavior Analysis', 'Lorem Ipsum I am a definition', 77, 18, 'www.example.com', '2000-01-01', 1, 1, 'http://ecx.images-amazon.com/images/I/51SjoKcbnuL.jpg'),
('762457554', 'Keep Calm . . . It\'s Just Real Estate: Your No-Stress Guide to Buying a Home', 'Lorem Ipsum I am a definition', 11, 29, 'www.example.com', '2000-01-01', 1, 1, 'http://ecx.images-amazon.com/images/I/514UqQKXA1L.jpg'),
('762722657', 'Connecticut Off the Beaten Path, 5th: A Guide to Unique Places (Off the Beaten Path Series)', 'Lorem Ipsum I am a definition', 13, 35, 'www.example.com', '2000-01-01', 1, 1, 'http://ecx.images-amazon.com/images/I/51CM4RQT0KL.jpg'),
('762780991', 'Best Easy Day Hikes Glacier and Waterton Lakes National Parks (Best Easy Day Hikes Series)', 'Lorem Ipsum I am a definition', 63, 35, 'www.example.com', '2000-01-01', 1, 1, 'http://ecx.images-amazon.com/images/I/51aPq09estL.jpg'),
('763652326', 'Mercy Watson: Something Wonky this Way Comes', 'Lorem Ipsum I am a definition', 93, 26, 'www.example.com', '2000-01-01', 1, 1, 'http://ecx.images-amazon.com/images/I/51gO81UQHXL.jpg'),
('763654116', 'The Judy Moody Uber-Awesome Collection: Books 1-9', 'Lorem Ipsum I am a definition', 94, 26, 'www.example.com', '2000-01-01', 1, 1, 'http://ecx.images-amazon.com/images/I/51pPjRXwXYL.jpg'),
('763660701', 'Jump Back, Paul: The Life and Poems of Paul Laurence Dunbar', 'Lorem Ipsum I am a definition', 72, 26, 'www.example.com', '2000-01-01', 1, 1, 'http://ecx.images-amazon.com/images/I/51vkLqBC1gL.jpg'),
('763669288', 'Beyond Courage: The Untold Story of Jewish Resistance During the Holocaust', 'Lorem Ipsum I am a definition', 24, 26, 'www.example.com', '2000-01-01', 1, 1, 'http://ecx.images-amazon.com/images/I/512jvo6DxIL.jpg'),
('763757977', 'Social Marketing For Public Health: Global Trends And Success Stories', 'Lorem Ipsum I am a definition', 38, 29, 'www.example.com', '2000-01-01', 1, 1, 'http://ecx.images-amazon.com/images/I/51jDfnLaHOL.jpg'),
('763758086', 'R for Medicine and Biology (Jones and Bartlett Series in Biomedical Informatics)', 'Lorem Ipsum I am a definition', 25, 18, 'www.example.com', '2000-01-01', 1, 1, 'http://ecx.images-amazon.com/images/I/41q6IY4unoL.jpg'),
('763760188', 'Interactive Case Studies In Health Communication', 'Lorem Ipsum I am a definition', 67, 18, 'www.example.com', '2000-01-01', 1, 1, 'http://ecx.images-amazon.com/images/I/51tP4UebMjL.jpg'),
('763799386', 'Law Enforcement In The United States', 'Lorem Ipsum I am a definition', 84, 43, 'www.example.com', '2000-01-01', 1, 1, 'http://ecx.images-amazon.com/images/I/518jDgHO7DL.jpg'),
('764159615', 'Mosaic Basics: Everything You Need to Know to Start Making Beautiful Mosaics', 'Lorem Ipsum I am a definition', 96, 34, 'www.example.com', '2000-01-01', 1, 1, 'http://ecx.images-amazon.com/images/I/51YHXNJH0PL.jpg'),
('764421050', 'Amazing Science Devotions for Children\'s Ministry', 'Lorem Ipsum I am a definition', 6, 41, 'www.example.com', '2000-01-01', 1, 1, 'http://ecx.images-amazon.com/images/I/61XTEn%2B1YUL.jpg'),
('765357003', 'Agent to the Stars', 'Lorem Ipsum I am a definition', 15, 42, 'www.example.com', '2000-01-01', 1, 1, 'http://ecx.images-amazon.com/images/I/51y%2BysN7MPL.jpg'),
('765359804', 'The Dawn Country (People of the Longhouse, Book 2)', 'Lorem Ipsum I am a definition', 52, 23, 'www.example.com', '2000-01-01', 1, 1, 'http://ecx.images-amazon.com/images/I/519ugM66ulL.jpg'),
('767920538', 'The Fat Resistance Diet: Unlock the Secret of the Hormone Leptin to: Eliminate Cravings, Supercharge Your Metabolism, Fight Inflammation, Lose Weight & Reprogram Your Body to Stay Thin-', 'Lorem Ipsum I am a definition', 79, 33, 'www.example.com', '2000-01-01', 1, 1, 'http://ecx.images-amazon.com/images/I/519NO1SLuCL.jpg'),
('768938805', 'Graduate Programs in the Biological/Biomedical Sciences & Health-Related Medical Professions 2015 (Peterson\'s Graduate Programs in the Biological Sciences)', 'Lorem Ipsum I am a definition', 28, 37, 'www.example.com', '2000-01-01', 1, 1, 'http://ecx.images-amazon.com/images/I/51Lh%2BkMkOcL.jpg'),
('769865046', 'Understanding Trusts and Estates Fifth Edition', 'Lorem Ipsum I am a definition', 71, 43, 'www.example.com', '2000-01-01', 1, 1, 'http://ecx.images-amazon.com/images/I/41YiiiZhshL.jpg'),
('770434142', 'Classic Human Anatomy in Motion: The Artist\'s Guide to the Dynamics of Figure Drawing', 'Lorem Ipsum I am a definition', 3, 22, 'www.example.com', '2000-01-01', 1, 1, 'http://ecx.images-amazon.com/images/I/51saSX8uRzL.jpg'),
('77861043', 'Essentials of Marketing: A Marketing Strategy Planning Approach', 'Lorem Ipsum I am a definition', 97, 29, 'www.example.com', '2000-01-01', 1, 1, 'http://ecx.images-amazon.com/images/I/51qlgcM8SRL.jpg'),
('78038367', 'How to Think About Weird Things: Critical Thinking for a New Age', 'Lorem Ipsum I am a definition', 39, 45, 'www.example.com', '2000-01-01', 1, 1, 'http://ecx.images-amazon.com/images/I/51f6b9dBWCL.jpg'),
('78263263', 'Glencoe Health, Student Edition', 'Lorem Ipsum I am a definition', 35, 39, 'www.example.com', '2000-01-01', 1, 1, 'http://ecx.images-amazon.com/images/I/51I0lovMQEL.jpg'),
('783498314', 'Ukraine (English, French, Italian, German and Russian Edition)', 'Lorem Ipsum I am a definition', 61, 35, 'www.example.com', '2000-01-01', 1, 1, 'http://ecx.images-amazon.com/images/I/513ZWXfjwYL.jpg'),
('784701970', 'Union in Truth: An Interpretive History of the Restoration Movement', 'Lorem Ipsum I am a definition', 93, 41, 'www.example.com', '2000-01-01', 1, 1, 'http://ecx.images-amazon.com/images/I/51YRLB-XtiL.jpg'),
('785114823', 'Avengers Disassembled', 'Lorem Ipsum I am a definition', 55, 44, 'www.example.com', '2000-01-01', 1, 1, 'http://ecx.images-amazon.com/images/I/51KROa77SFL.jpg'),
('785227598', 'The Ice Diaries: The True Story of One of Mankind\'s Greatest Adventures', 'Lorem Ipsum I am a definition', 83, 38, 'www.example.com', '2000-01-01', 1, 1, 'http://ecx.images-amazon.com/images/I/51JUOWXeJyL.jpg'),
('785247084', 'Nelson\'s Little Book of Where To Find It in the Bible', 'Lorem Ipsum I am a definition', 4, 37, 'www.example.com', '2000-01-01', 1, 1, 'http://ecx.images-amazon.com/images/I/51uIvGlqvLL.jpg'),
('787674249', 'The Gale Encyclopedia of Alternative Medicine - 4 Volume set', 'Lorem Ipsum I am a definition', 48, 28, 'www.example.com', '2000-01-01', 1, 1, 'http://ecx.images-amazon.com/images/I/21KNX9X8JKL.jpg'),
('787980331', 'The American Institute of Homeopathy Handbook for Parents: A Guide to Healthy Treatment for Everything from Colds and Allergies to ADHD, Obesity, and Depression', 'Lorem Ipsum I am a definition', 41, 28, 'www.example.com', '2000-01-01', 1, 1, 'http://ecx.images-amazon.com/images/I/5164SV5ABSL.jpg'),
('78807239', 'Chemistry: Concepts & Applications, Student Edition', 'Lorem Ipsum I am a definition', 41, 26, 'www.example.com', '2000-01-01', 1, 1, 'http://ecx.images-amazon.com/images/I/519k9TYjLGL.jpg'),
('789323087', 'Will Shortz Presents Sudoku: 365 More Challenging Sudoku Puzzles: 2012 Day-to-Day Calendar', 'Lorem Ipsum I am a definition', 30, 46, 'www.example.com', '2000-01-01', 1, 1, 'http://ecx.images-amazon.com/images/I/51K1ZC-uDbL.jpg'),
('789479915', 'Pregnancy the Natural Way', 'Lorem Ipsum I am a definition', 73, 28, 'www.example.com', '2000-01-01', 1, 1, 'http://ecx.images-amazon.com/images/I/51XNMX3FMPL.jpg'),
('791096483', 'Hemophilia (Genes and Disease)', 'Lorem Ipsum I am a definition', 69, 39, 'www.example.com', '2000-01-01', 1, 1, 'http://ecx.images-amazon.com/images/I/51OWq-z-rtL.jpg'),
('791464334', 'Time And Society', 'Lorem Ipsum I am a definition', 12, 25, 'www.example.com', '2000-01-01', 1, 1, 'http://ecx.images-amazon.com/images/I/51Q75YQG4TL.jpg'),
('792338367', 'Biological Models in Radiopharmaceutical Development (Developments in Nuclear Medicine)', 'Lorem Ipsum I am a definition', 60, 18, 'www.example.com', '2000-01-01', 1, 1, 'http://ecx.images-amazon.com/images/I/31m5vpdap1L.jpg'),
('794506674', 'Ali Baba and the Forty Thieves (Young Reading Series, 1)', 'Lorem Ipsum I am a definition', 57, 26, 'www.example.com', '2000-01-01', 1, 1, 'http://ecx.images-amazon.com/images/I/31ESil05CyL.jpg'),
('794828779', 'Whitman Nat Park Blue Folder Vol II 2016-2021', 'Lorem Ipsum I am a definition', 0, 34, 'www.example.com', '2000-01-01', 1, 1, 'http://ecx.images-amazon.com/images/I/61SUCgsVcbL.jpg'),
('800758447', 'The Fisherman: A Novel', 'Lorem Ipsum I am a definition', 5, 40, 'www.example.com', '2000-01-01', 1, 1, 'http://ecx.images-amazon.com/images/I/51irExW3bpL.jpg'),
('800759168', 'The Dirt on Sex: A Dateable Book (Dirt, The)', 'Lorem Ipsum I am a definition', 82, 39, 'www.example.com', '2000-01-01', 1, 1, 'http://ecx.images-amazon.com/images/I/312Hw1Iv7QL.jpg'),
('801011574', 'J.I. Packer: A Biography', 'Lorem Ipsum I am a definition', 20, 41, 'www.example.com', '2000-01-01', 1, 1, 'http://ecx.images-amazon.com/images/I/41D3DJP4HCL.jpg'),
('801608155', 'Boucher\'s Prosthodontic Treatment for Edentulous Patients', 'Lorem Ipsum I am a definition', 93, 18, 'www.example.com', '2000-01-01', 1, 1, 'http://ecx.images-amazon.com/images/I/51Ykq8IadYL.jpg'),
('801870895', 'On the Backroad to Heaven: Old Order Hutterites, Mennonites, Amish, and Brethren (Center Books in Anabaptist Studies)', 'Lorem Ipsum I am a definition', 66, 41, 'www.example.com', '2000-01-01', 1, 1, 'http://ecx.images-amazon.com/images/I/41oTzSlSYuL.jpg'),
('801882346', 'An Acre of Glass: A History and Forecast of the Telescope', 'Lorem Ipsum I am a definition', 41, 25, 'www.example.com', '2000-01-01', 1, 1, 'http://ecx.images-amazon.com/images/I/418RA0MCCCL.jpg'),
('801886295', 'Lacrosse Legends of the First Americans', 'Lorem Ipsum I am a definition', 65, 23, 'www.example.com', '2000-01-01', 1, 1, 'http://ecx.images-amazon.com/images/I/51pQTzX%2Bb0L.jpg'),
('802086608', 'The Medieval Garden', 'Lorem Ipsum I am a definition', 61, 34, 'www.example.com', '2000-01-01', 1, 1, 'http://ecx.images-amazon.com/images/I/611bwB7xJLL.jpg'),
('802141323', 'The Wretched of the Earth', 'Lorem Ipsum I am a definition', 55, 38, 'www.example.com', '2000-01-01', 1, 1, 'http://ecx.images-amazon.com/images/I/5195R1wCSLL.jpg'),
('802408141', 'In the Land of Blue Burqas', 'Lorem Ipsum I am a definition', 32, 41, 'www.example.com', '2000-01-01', 1, 1, 'http://ecx.images-amazon.com/images/I/511UDmOMvRL.jpg'),
('802457193', 'Act Like Men: 40 Days to Biblical Manhood', 'Lorem Ipsum I am a definition', 74, 41, 'www.example.com', '2000-01-01', 1, 1, 'http://ecx.images-amazon.com/images/I/51auyaJR2JL.jpg'),
('802864082', 'Re-Imaging Election: Divine Election as Representing God to Others & Others to God', 'Lorem Ipsum I am a definition', 76, 41, 'www.example.com', '2000-01-01', 1, 1, 'http://ecx.images-amazon.com/images/I/31UGOcikrcL.jpg'),
('803637063', 'Fundamentals of Nursing: Content Review Plus Practice Questions (Davis\'s Success Plus)', 'Lorem Ipsum I am a definition', 47, 19, 'www.example.com', '2000-01-01', 1, 1, 'http://ecx.images-amazon.com/images/I/519udjSFIfL.jpg'),
('803639708', 'Vestibular Rehabilitation (Contemporary Perspectives in Rehabilitation)', 'Lorem Ipsum I am a definition', 14, 18, 'www.example.com', '2000-01-01', 1, 1, 'http://ecx.images-amazon.com/images/I/51IzsNfbs-L.jpg'),
('803741367', 'Ordinary People Change the World Gift Set (Ordinary People Change World)', 'Lorem Ipsum I am a definition', 88, 26, 'www.example.com', '2000-01-01', 1, 1, 'http://ecx.images-amazon.com/images/I/51kOvSohcOL.jpg'),
('803741731', 'Slasher Girls & Monster Boys', 'Lorem Ipsum I am a definition', 42, 39, 'www.example.com', '2000-01-01', 1, 1, 'http://ecx.images-amazon.com/images/I/51txqrGObYL.jpg'),
('803935471', 'Social Change and Development: Modernization, Dependency and World-System Theories (SAGE Library of Social Research)', 'Lorem Ipsum I am a definition', 99, 45, 'www.example.com', '2000-01-01', 1, 1, 'http://ecx.images-amazon.com/images/I/413qiqlGJtL.jpg'),
('804124566', 'SAT Power Vocab (College Test Preparation)', 'Lorem Ipsum I am a definition', 4, 37, 'www.example.com', '2000-01-01', 1, 1, 'http://ecx.images-amazon.com/images/I/518YyVZcakL.jpg'),
('804126046', 'Cracking the GRE with 4 Practice Tests, 2016 Edition (Graduate School Test Preparation)', 'Lorem Ipsum I am a definition', 35, 19, 'www.example.com', '2000-01-01', 1, 1, 'http://ecx.images-amazon.com/images/I/51LsBmGbIvL.jpg'),
('804804796', 'Poopoo Make Prant Glow', 'Lorem Ipsum I am a definition', 74, 35, 'www.example.com', '2000-01-01', 1, 1, 'http://ecx.images-amazon.com/images/I/41o2sv6vkFL.jpg'),
('804838496', 'More Making Out in Korean: (Korean Phrasebook) (Making Out Books)', 'Lorem Ipsum I am a definition', 61, 37, 'www.example.com', '2000-01-01', 1, 1, 'http://ecx.images-amazon.com/images/I/51cXTEOyy3L.jpg'),
('804842248', 'Jakarta: 25 Excursions in and around the Indonesian Capital', 'Lorem Ipsum I am a definition', 73, 35, 'www.example.com', '2000-01-01', 1, 1, 'http://ecx.images-amazon.com/images/I/51TXPotAVXL.jpg'),
('805007334', 'McClane\'s Field Guide to Saltwater Fishes of North America', 'Lorem Ipsum I am a definition', 76, 31, 'www.example.com', '2000-01-01', 1, 1, 'http://ecx.images-amazon.com/images/I/41NXCKH22YL.jpg'),
('805098542', 'Killing Jesus', 'Lorem Ipsum I am a definition', 27, 38, 'www.example.com', '2000-01-01', 1, 1, 'http://ecx.images-amazon.com/images/I/41HfMNh90sL.jpg'),
('807834483', 'Blowout!: Sal Castro and the Chicano Struggle for Educational Justice', 'Lorem Ipsum I am a definition', 91, 20, 'www.example.com', '2000-01-01', 1, 1, 'http://ecx.images-amazon.com/images/I/51zbGfQoeQL.jpg'),
('807854476', 'The Maya of Morganton: Work and Community in the Nuevo New South', 'Lorem Ipsum I am a definition', 67, 38, 'www.example.com', '2000-01-01', 1, 1, 'http://ecx.images-amazon.com/images/I/51OdZtOnNvL.jpg'),
('809051435', 'The Great A&P and the Struggle for Small Business in America', 'Lorem Ipsum I am a definition', 93, 29, 'www.example.com', '2000-01-01', 1, 1, 'http://ecx.images-amazon.com/images/I/41ab%2BGGSjxL.jpg'),
('809070944', 'Mother Jones: The Most Dangerous Woman in America', 'Lorem Ipsum I am a definition', 80, 20, 'www.example.com', '2000-01-01', 1, 1, 'http://ecx.images-amazon.com/images/I/41t6ledhTsL.jpg'),
('811205444', 'Helen in Egypt: Poetry (New Directions Paperbook)', 'Lorem Ipsum I am a definition', 56, 35, 'www.example.com', '2000-01-01', 1, 1, 'http://ecx.images-amazon.com/images/I/51ny09ceGAL.jpg'),
('811844331', 'The Art of The Incredibles', 'Lorem Ipsum I am a definition', 47, 22, 'www.example.com', '2000-01-01', 1, 1, 'http://ecx.images-amazon.com/images/I/51XgL8gJpPL.jpg'),
('811874559', 'All My Friends Are Dead', 'Lorem Ipsum I am a definition', 52, 44, 'www.example.com', '2000-01-01', 1, 1, 'http://ecx.images-amazon.com/images/I/41caDQc%2BEXL.jpg'),
('812220560', 'Naked Clay: Ceramics Without Glaze', 'Lorem Ipsum I am a definition', 4, 34, 'www.example.com', '2000-01-01', 1, 1, 'http://ecx.images-amazon.com/images/I/41zhX%2BQUdFL.jpg'),
('812975650', 'Identical Strangers: A Memoir of Twins Separated and Reunited', 'Lorem Ipsum I am a definition', 75, 20, 'www.example.com', '2000-01-01', 1, 1, 'http://ecx.images-amazon.com/images/I/4180vUEwZCL.jpg'),
('812983386', 'A Thousand Pardons: A Novel', 'Lorem Ipsum I am a definition', 54, 23, 'www.example.com', '2000-01-01', 1, 1, 'http://ecx.images-amazon.com/images/I/41QpVy1YoVL.jpg'),
('813809975', 'The WPA Guide to 1930s Iowa', 'Lorem Ipsum I am a definition', 60, 35, 'www.example.com', '2000-01-01', 1, 1, 'http://ecx.images-amazon.com/images/I/41MH6PTKX2L.jpg'),
('814450369', 'Competing on Value', 'Lorem Ipsum I am a definition', 62, 29, 'www.example.com', '2000-01-01', 1, 1, 'http://ecx.images-amazon.com/images/I/71602MAJMJL.gif'),
('814720196', 'Jury Decision Making: The State of the Science (Psychology and Crime)', 'Lorem Ipsum I am a definition', 70, 43, 'www.example.com', '2000-01-01', 1, 1, 'http://ecx.images-amazon.com/images/I/41sGAVfJJ4L.jpg'),
('815515723', 'Cosmetics Applications of Laser & Light-Based Systems (Personal Care and Cosmetic Technology)', 'Lorem Ipsum I am a definition', 77, 18, 'www.example.com', '2000-01-01', 1, 1, 'http://ecx.images-amazon.com/images/I/513-JQMsoSL.jpg'),
('816057583', 'The Kuwaiti Oil Fires (Environmental Disasters)', 'Lorem Ipsum I am a definition', 96, 38, 'www.example.com', '2000-01-01', 1, 1, 'http://ecx.images-amazon.com/images/I/512NdDiYqZL.jpg'),
('820315508', 'Classic Savannah', 'Lorem Ipsum I am a definition', 70, 35, 'www.example.com', '2000-01-01', 1, 1, 'http://ecx.images-amazon.com/images/I/41YnBWkQzhL.jpg'),
('820316636', 'God\'s Little Acre (Brown Thrasher Books)', 'Lorem Ipsum I am a definition', 100, 45, 'www.example.com', '2000-01-01', 1, 1, 'http://ecx.images-amazon.com/images/I/41qspKm7k9L.jpg'),
('821419730', 'Asylum on the Hill: History of a Healing Landscape', 'Lorem Ipsum I am a definition', 28, 22, 'www.example.com', '2000-01-01', 1, 1, 'http://ecx.images-amazon.com/images/I/51xwe2DoXAL.jpg'),
('821421247', 'Who Shall Enter Paradise?: Christian Origins in Muslim Northern Nigeria, c. 1890?E??E1975 (New African Histories)', 'Lorem Ipsum I am a definition', 70, 38, 'www.example.com', '2000-01-01', 1, 1, 'http://ecx.images-amazon.com/images/I/51oU5m9Tt5L.jpg'),
('822338432', 'Colonial Pathologies: American Tropical Medicine, Race, and Hygiene in the Philippines', 'Lorem Ipsum I am a definition', 100, 38, 'www.example.com', '2000-01-01', 1, 1, 'http://ecx.images-amazon.com/images/I/514VhaVOegL.jpg'),
('823099180', 'The Art of Polymer Clay Millefiori Techniques: Projects and Inspiration for Creative Canework', 'Lorem Ipsum I am a definition', 21, 34, 'www.example.com', '2000-01-01', 1, 1, 'http://ecx.images-amazon.com/images/I/61RG0o5fJvL.jpg'),
('823802817', 'Stage Plays from the Classics: One-Act Adaptations from Famous Short Stories, Novels, and Plays', 'Lorem Ipsum I am a definition', 85, 39, 'www.example.com', '2000-01-01', 1, 1, 'http://ecx.images-amazon.com/images/I/41ANPWYHPBL.jpg'),
('825424976', 'Baptism: The Believer\'s First Obedience', 'Lorem Ipsum I am a definition', 39, 41, 'www.example.com', '2000-01-01', 1, 1, 'http://ecx.images-amazon.com/images/I/51OmxNz50KL.jpg'),
('826220169', 'The Power of Two: A Twin Triumph Over Cystic Fibrosis', 'Lorem Ipsum I am a definition', 79, 28, 'www.example.com', '2000-01-01', 1, 1, 'http://ecx.images-amazon.com/images/I/51xklhAYCsL.jpg'),
('827604386', 'Rabbi Israel Salanter and the Mussar Movement: Seeking the Torah of Truth', 'Lorem Ipsum I am a definition', 96, 20, 'www.example.com', '2000-01-01', 1, 1, 'http://ecx.images-amazon.com/images/I/41LS0LgettL.jpg'),
('830828761', 'The Bible, Rocks and Time: Geological Evidence for the Age of the Earth', 'Lorem Ipsum I am a definition', 6, 41, 'www.example.com', '2000-01-01', 1, 1, 'http://ecx.images-amazon.com/images/I/51rxVHiqgfL.jpg'),
('830830375', 'Parables: The Greatest Stories Ever Told (Lifeguide Bible Studies)', 'Lorem Ipsum I am a definition', 48, 41, 'www.example.com', '2000-01-01', 1, 1, 'http://ecx.images-amazon.com/images/I/51pnw9xXOtL.jpg'),
('835609278', 'The Making of a Healer: Teachings of My Oneida Grandmother', 'Lorem Ipsum I am a definition', 67, 20, 'www.example.com', '2000-01-01', 1, 1, 'http://ecx.images-amazon.com/images/I/51wYA0bu5qL.jpg'),
('8408135457', 'Lonely Planet Nueva Zelanda (Travel Guide) (Spanish Edition)', 'Lorem Ipsum I am a definition', 25, 35, 'www.example.com', '2000-01-01', 1, 1, 'http://ecx.images-amazon.com/images/I/51kB37HQ-FL.jpg'),
('841611491', 'Fort Smith AR Street Map (American Map)', 'Lorem Ipsum I am a definition', 3, 35, 'www.example.com', '2000-01-01', 1, 1, 'http://ecx.images-amazon.com/images/I/41mbJ1UIg2L.jpg'),
('849339340', 'Chemistry for Environmental and Earth Sciences', 'Lorem Ipsum I am a definition', 93, 25, 'www.example.com', '2000-01-01', 1, 1, 'http://ecx.images-amazon.com/images/I/51W464mEe1L.jpg'),
('851319157', 'Injury, Disease & Nursing (Essential Equine Studies) (Bk. 3)', 'Lorem Ipsum I am a definition', 100, 18, 'www.example.com', '2000-01-01', 1, 1, 'http://ecx.images-amazon.com/images/I/510kkjxwY-L.jpg'),
('851513743', 'Sermons on Timothy and Titus (16th-17th Century Facsimile Edition)', 'Lorem Ipsum I am a definition', 46, 41, 'www.example.com', '2000-01-01', 1, 1, 'http://ecx.images-amazon.com/images/I/41oo7KfL5ML.jpg'),
('865478287', 'Gamelife: A Memoir', 'Lorem Ipsum I am a definition', 28, 36, 'www.example.com', '2000-01-01', 1, 1, 'http://ecx.images-amazon.com/images/I/41VofA5jnhL.jpg'),
('866225439', 'The Atlas of Discus of the World', 'Lorem Ipsum I am a definition', 38, 34, 'www.example.com', '2000-01-01', 1, 1, 'http://ecx.images-amazon.com/images/I/51FqwwZ8fCL.jpg'),
('871066696', 'Indiana: Off the beaten path (Off the Beaten Path Indiana)', 'Lorem Ipsum I am a definition', 27, 35, 'www.example.com', '2000-01-01', 1, 1, 'http://ecx.images-amazon.com/images/I/41qBS5hxjiL.jpg'),
('871137607', 'Eat the Rich: A Treatise on Economics', 'Lorem Ipsum I am a definition', 95, 36, 'www.example.com', '2000-01-01', 1, 1, 'http://ecx.images-amazon.com/images/I/51EdPM0rHkL.jpg'),
('871272407', 'Love in Provence: Romantic Adventures in the South of France', 'Lorem Ipsum I am a definition', 70, 40, 'www.example.com', '2000-01-01', 1, 1, 'http://ecx.images-amazon.com/images/I/51t2uBEMp3L.jpg'),
('872860051', 'The First Third', 'Lorem Ipsum I am a definition', 97, 35, 'www.example.com', '2000-01-01', 1, 1, 'http://ecx.images-amazon.com/images/I/51ssxbQig9L.jpg'),
('872884228', 'Ford Shop Manual Series 5000, 5600, 5610, 6600, 6610, 6700, 6710, 7000, 7600, 7610, 7700, 7710 (Fo-42) (I & T Shop Service)', 'Lorem Ipsum I am a definition', 59, 25, 'www.example.com', '2000-01-01', 1, 1, 'http://ecx.images-amazon.com/images/I/514ZxOr8ZaL.jpg'),
('873552156', 'Light (Stop Faking It! Finally Understanding Science So You Can Teach It series)', 'Lorem Ipsum I am a definition', 51, 25, 'www.example.com', '2000-01-01', 1, 1, 'http://ecx.images-amazon.com/images/I/51FYD5Y05ZL.jpg'),
('874834228', 'Wonder Tales from Around the World', 'Lorem Ipsum I am a definition', 2, 26, 'www.example.com', '2000-01-01', 1, 1, 'http://ecx.images-amazon.com/images/I/51fCM0n%2Bb9L.jpg'),
('877432856', 'Baha\'I Prayers: A Selection of Prayers', 'Lorem Ipsum I am a definition', 69, 21, 'www.example.com', '2000-01-01', 1, 1, 'http://ecx.images-amazon.com/images/I/51g7xyZDGnL.jpg'),
('881251259', 'Intermarriage and Conversion: A Halakhic Solution', 'Lorem Ipsum I am a definition', 81, 21, 'www.example.com', '2000-01-01', 1, 1, 'http://ecx.images-amazon.com/images/I/41SrzTpjSTL.jpg'),
('881505161', 'Rhode Island: An Explorer\'s Guide, Fourth Edition', 'Lorem Ipsum I am a definition', 76, 35, 'www.example.com', '2000-01-01', 1, 1, 'http://ecx.images-amazon.com/images/I/51O5%2BVnZBML.jpg'),
('881924210', 'The Illustrated Encyclopedia of Camellias', 'Lorem Ipsum I am a definition', 79, 34, 'www.example.com', '2000-01-01', 1, 1, 'http://ecx.images-amazon.com/images/I/51TNPZAFT9L.jpg'),
('882667882', 'The New Woodburner\'s Handbook (Down-to-Earth Energy Book)', 'Lorem Ipsum I am a definition', 6, 34, 'www.example.com', '2000-01-01', 1, 1, 'http://ecx.images-amazon.com/images/I/51W2H4N704L.jpg'),
('883165635', 'Promises Kept: The Life of an Issei Man', 'Lorem Ipsum I am a definition', 59, 20, 'www.example.com', '2000-01-01', 1, 1, 'http://ecx.images-amazon.com/images/I/51HdaoFLOpL.jpg'),
('883686155', 'Identifying And Breaking Curses', 'Lorem Ipsum I am a definition', 12, 41, 'www.example.com', '2000-01-01', 1, 1, 'http://ecx.images-amazon.com/images/I/41e7zCky%2B9L.jpg'),
('889202478', 'Ritual and Ethnic Identity: A Comparative Study of the Social Meaning of Liturgical Ritual in Synagogues', 'Lorem Ipsum I am a definition', 6, 45, 'www.example.com', '2000-01-01', 1, 1, 'http://ecx.images-amazon.com/images/I/41S%2BS0mudNL.jpg'),
('890134197', 'The Legacy of Maria Poveka Martinez', 'Lorem Ipsum I am a definition', 31, 22, 'www.example.com', '2000-01-01', 1, 1, 'http://ecx.images-amazon.com/images/I/51JVZ5VFSBL.jpg'),
('890134545', 'Medicinal Plants of the Mountain West', 'Lorem Ipsum I am a definition', 37, 25, 'www.example.com', '2000-01-01', 1, 1, 'http://ecx.images-amazon.com/images/I/41zQRC5Z0%2BL.jpg'),
('890515808', 'Your Guide to Zion and Bryce Canyon (True North Series)', 'Lorem Ipsum I am a definition', 2, 41, 'www.example.com', '2000-01-01', 1, 1, 'http://ecx.images-amazon.com/images/I/51SCBOPtu0L.jpg'),
('891060499', 'Katherine and Isabel: Mother\'s Light, Daughter\'s Journey', 'Lorem Ipsum I am a definition', 48, 20, 'www.example.com', '2000-01-01', 1, 1, 'http://ecx.images-amazon.com/images/I/41GT96SX6ML.jpg'),
('891120726', 'In Search of Christian Unity: A History of the Restoration Movement', 'Lorem Ipsum I am a definition', 3, 41, 'www.example.com', '2000-01-01', 1, 1, 'http://ecx.images-amazon.com/images/I/512B8RVW99L.jpg'),
('896085953', 'No Trespassing!: Squatting, Rent Strikes, and Land Struggles Worldwide', 'Lorem Ipsum I am a definition', 60, 43, 'www.example.com', '2000-01-01', 1, 1, 'http://ecx.images-amazon.com/images/I/51FBGW7Y9XL.jpg'),
('896891399', 'Warman\'s Beatles Field Guide (Warman\'s Field Guides)', 'Lorem Ipsum I am a definition', 10, 34, 'www.example.com', '2000-01-01', 1, 1, 'http://ecx.images-amazon.com/images/I/51j%2BTcAHntL.jpg'),
('898695791', 'The Book of Common Prayer and The Holy Bible New Revised Standard Version: Red Bonded Leather', 'Lorem Ipsum I am a definition', 6, 41, 'www.example.com', '2000-01-01', 1, 1, 'http://ecx.images-amazon.com/images/I/41ciqIQI%2BIL.jpg'),
('898703514', 'Set All Afire', 'Lorem Ipsum I am a definition', 94, 21, 'www.example.com', '2000-01-01', 1, 1, 'http://ecx.images-amazon.com/images/I/51weORGEXuL.jpg'),
('899222854', 'Nuevo Diccionario Ilustrado De La Biblia', 'Lorem Ipsum I am a definition', 76, 41, 'www.example.com', '2000-01-01', 1, 1, 'http://ecx.images-amazon.com/images/I/511VmIybg9L.jpg'),
('899332803', 'Pennsylvania Atlas and Gazetteer', 'Lorem Ipsum I am a definition', 27, 37, 'www.example.com', '2000-01-01', 1, 1, 'http://ecx.images-amazon.com/images/I/61e3fdAyyQL.jpg'),
('91736048', 'Kuwait, Vanguard of the Gulf', 'Lorem Ipsum I am a definition', 44, 38, 'www.example.com', '2000-01-01', 1, 1, 'http://ecx.images-amazon.com/images/I/51-jYG0apWL.jpg'),
('917953592', 'Underfoot: A Geologic Guide to the Appalachian Trail', 'Lorem Ipsum I am a definition', 22, 25, 'www.example.com', '2000-01-01', 1, 1, 'http://ecx.images-amazon.com/images/I/51FB4FBHZGL.jpg'),
('921991746', 'In Good Faith: The History of the 4th SS-Polizei-Panzer-Grenadier-Division, Vol. 1: 1939-1943', 'Lorem Ipsum I am a definition', 30, 38, 'www.example.com', '2000-01-01', 1, 1, 'http://ecx.images-amazon.com/images/I/51ityzGhQfL.jpg'),
('922915865', 'War is a Racket: The Antiwar Classic by America\'s Most Decorated Soldier', 'Lorem Ipsum I am a definition', 23, 38, 'www.example.com', '2000-01-01', 1, 1, 'http://ecx.images-amazon.com/images/I/51O-8FTfhXL.jpg'),
('932081258', 'Prayers That Prevail: The Believer\'s Manual of Prayers', 'Lorem Ipsum I am a definition', 31, 41, 'www.example.com', '2000-01-01', 1, 1, 'http://ecx.images-amazon.com/images/I/51Y2SDETH6L.jpg'),
('932914020', 'Sign of a Promise and Other Stories (Mandate Series)', 'Lorem Ipsum I am a definition', 39, 21, 'www.example.com', '2000-01-01', 1, 1, 'http://ecx.images-amazon.com/images/I/51TajDxQ0eL.jpg'),
('935039279', 'Streetwise London Map - Laminated City Center Street Map of London, England', 'Lorem Ipsum I am a definition', 39, 37, 'www.example.com', '2000-01-01', 1, 1, 'http://ecx.images-amazon.com/images/I/514NOZET0sL.jpg'),
('935741054', 'American Indian Cooking and Herb Lore', 'Lorem Ipsum I am a definition', 96, 33, 'www.example.com', '2000-01-01', 1, 1, 'http://ecx.images-amazon.com/images/I/41cAIeq31zL.jpg'),
('938045687', 'Vital Breath of the Dao: Chinese Shamanic Tiger Qigong', 'Lorem Ipsum I am a definition', 12, 21, 'www.example.com', '2000-01-01', 1, 1, 'http://ecx.images-amazon.com/images/I/41a6jrneZ5L.jpg'),
('941051862', 'Euripides\' Hippolytus', 'Lorem Ipsum I am a definition', 93, 23, 'www.example.com', '2000-01-01', 1, 1, 'http://ecx.images-amazon.com/images/I/41edt5K7szL.jpg'),
('945397593', 'Adventures of the Iditarod Air Force', 'Lorem Ipsum I am a definition', 73, 31, 'www.example.com', '2000-01-01', 1, 1, 'http://ecx.images-amazon.com/images/I/51DWHsqdvEL.jpg'),
('946621632', 'Al-Ghazali Letter to a Disciple (Ghazali Series)', 'Lorem Ipsum I am a definition', 78, 21, 'www.example.com', '2000-01-01', 1, 1, 'http://ecx.images-amazon.com/images/I/4122SP2H25L.jpg'),
('948006889', 'Guide to the Bodhisattva\'s Way of Life: How to enjoy a life of great meaning and altruism', 'Lorem Ipsum I am a definition', 81, 21, 'www.example.com', '2000-01-01', 1, 1, 'http://ecx.images-amazon.com/images/I/51Ka9EAQUeL.jpg'),
('955706904', 'The Wine and Food Lover\'s Guide to Portugal', 'Lorem Ipsum I am a definition', 5, 35, 'www.example.com', '2000-01-01', 1, 1, 'http://ecx.images-amazon.com/images/I/51hAI8%2BxjML.jpg'),
('956355609', 'Cloud Computing Explained: Implementation Handbook for Enterprises', 'Lorem Ipsum I am a definition', 25, 32, 'www.example.com', '2000-01-01', 1, 1, 'http://ecx.images-amazon.com/images/I/51jpdRx8wkL.jpg'),
('956866506', 'Zest for Life: The Mediterranean Anti-Cancer Diet', 'Lorem Ipsum I am a definition', 21, 33, 'www.example.com', '2000-01-01', 1, 1, 'http://ecx.images-amazon.com/images/I/51VBKOWQ3dL.jpg'),
('957921802', 'Build Your Own Database Driven Website Using PHP & MySQL', 'Lorem Ipsum I am a definition', 34, 32, 'www.example.com', '2000-01-01', 1, 1, 'http://ecx.images-amazon.com/images/I/411-N4MHlSL.jpg'),
('960057234', 'Spinning with a Drop Spindle', 'Lorem Ipsum I am a definition', 90, 34, 'www.example.com', '2000-01-01', 1, 1, 'http://ecx.images-amazon.com/images/I/519DqLxt2mL.jpg'),
('961482125', 'Hunting the Rockies: Home of the Giants', 'Lorem Ipsum I am a definition', 83, 35, 'www.example.com', '2000-01-01', 1, 1, 'http://ecx.images-amazon.com/images/I/41MXQ3Z8AVL.jpg'),
('9622177808', 'Kamachatka: A Journal & Guide to Russia\'s Land of Ice and Fire (Odyssey Illustrated Guides)', 'Lorem Ipsum I am a definition', 87, 35, 'www.example.com', '2000-01-01', 1, 1, 'http://ecx.images-amazon.com/images/I/518utpHjt8L.jpg');
INSERT INTO `books` (`isbn`, `title`, `description`, `price`, `categoryId`, `previewLink`, `publicationDate`, `edition`, `publisherId`, `displayImage`) VALUES
('962904201', 'Oregon High: A Climbing Guide to Nine Cascade Volcanoes', 'Lorem Ipsum I am a definition', 11, 31, 'www.example.com', '2000-01-01', 1, 1, 'http://ecx.images-amazon.com/images/I/51bWdcsbX0L.jpg'),
('9633529360', 'Jordan Map', 'Lorem Ipsum I am a definition', 97, 35, 'www.example.com', '2000-01-01', 1, 1, 'http://ecx.images-amazon.com/images/I/41CP3HDLAxL.jpg'),
('963370324', 'The Calcium Factor: The Scientific Secret of Health and Youth', 'Lorem Ipsum I am a definition', 72, 28, 'www.example.com', '2000-01-01', 1, 1, 'http://ecx.images-amazon.com/images/I/418DYQD25WL.jpg'),
('965045080', 'Twist of the Wrist II 4 Volume Audio CD', 'Lorem Ipsum I am a definition', 20, 31, 'www.example.com', '2000-01-01', 1, 1, 'http://ecx.images-amazon.com/images/I/51JKCW4DVPL.jpg'),
('965848671', 'In the Company of Whispers', 'Lorem Ipsum I am a definition', 15, 39, 'www.example.com', '2000-01-01', 1, 1, 'http://ecx.images-amazon.com/images/I/5138969FM3L.jpg'),
('966003128', 'The Skier\'s Book of Trail Maps: United States and Canada', 'Lorem Ipsum I am a definition', 14, 31, 'www.example.com', '2000-01-01', 1, 1, 'http://ecx.images-amazon.com/images/I/51VBQ4F3BML.jpg'),
('9664120618', 'Ukrainian Bible for Teenagers and Young Adults with Column References / 96 pages Full Color Introductory section that includes Bible History and Maps', 'Lorem Ipsum I am a definition', 37, 35, 'www.example.com', '2000-01-01', 1, 1, 'http://ecx.images-amazon.com/images/I/41qwRZhdXcL.jpg'),
('966976312', 'Simple Wealth, Inevitable Wealth: How You and Your Financial Advisor Can Grow Your Fortune in Stock Mutual Funds', 'Lorem Ipsum I am a definition', 87, 29, 'www.example.com', '2000-01-01', 1, 1, 'http://ecx.images-amazon.com/images/I/51KuTnbRPIL.jpg'),
('9683803148', 'Medicina Prehispanica De Mexico/Prehispanic Medicine of Mexico (Spanish Edition)', 'Lorem Ipsum I am a definition', 30, 26, 'www.example.com', '2000-01-01', 1, 1, 'http://ecx.images-amazon.com/images/I/51j4m1W1FeL.jpg'),
('9719327901', 'COCONUT Philippines', 'Lorem Ipsum I am a definition', 55, 28, 'www.example.com', '2000-01-01', 1, 1, 'http://ecx.images-amazon.com/images/I/51mmIOzqNSL.jpg'),
('972467637', 'The Multiples Manual: Preparing and Caring for Twins or Triplets', 'Lorem Ipsum I am a definition', 54, 30, 'www.example.com', '2000-01-01', 1, 1, 'http://ecx.images-amazon.com/images/I/51kOYa-LHML.jpg'),
('972683100', 'Paralysis Resource Guide (Christopher & Dana Reeve Paralysis Resource Center)', 'Lorem Ipsum I am a definition', 45, 28, 'www.example.com', '2000-01-01', 1, 1, 'http://ecx.images-amazon.com/images/I/41DW9ZUgyGL.jpg'),
('974722103', 'The Lean Manufacturing Pocket Handbook', 'Lorem Ipsum I am a definition', 56, 29, 'www.example.com', '2000-01-01', 1, 1, 'http://ecx.images-amazon.com/images/I/51XsWPqAXZL.jpg'),
('974902624', 'HIDDEN MICKEY: Sometimes Dead Men DO Tell Tales! - The Action-adventure Mystery novel about Walt Disney (Hidden Mickey, volume 1)', 'Lorem Ipsum I am a definition', 7, 23, 'www.example.com', '2000-01-01', 1, 1, 'http://ecx.images-amazon.com/images/I/5102tfFEKPL.jpg'),
('9749863879', 'Buddhist Art: An Historical and Cultural Journey', 'Lorem Ipsum I am a definition', 27, 22, 'www.example.com', '2000-01-01', 1, 1, 'http://ecx.images-amazon.com/images/I/51WLcqiLgyL.jpg'),
('975395114', 'Responsible Travel Guide Cambodia', 'Lorem Ipsum I am a definition', 54, 35, 'www.example.com', '2000-01-01', 1, 1, 'http://ecx.images-amazon.com/images/I/51DMugmdAuL.jpg'),
('976326817', 'Be the Ultimate Assistant: A celebrity assistant\'s secrets to working with any high-powered employer', 'Lorem Ipsum I am a definition', 57, 29, 'www.example.com', '2000-01-01', 1, 1, 'http://ecx.images-amazon.com/images/I/31VJtBTmfvL.jpg'),
('9768182652', 'UAE Underwater', 'Lorem Ipsum I am a definition', 27, 35, 'www.example.com', '2000-01-01', 1, 1, 'http://ecx.images-amazon.com/images/I/51TXGTDC48L.jpg'),
('977111008', 'Cascade Lodge : The History of a North Shore Landmark', 'Lorem Ipsum I am a definition', 74, 35, 'www.example.com', '2000-01-01', 1, 1, 'http://ecx.images-amazon.com/images/I/51iLDyq0BeL.jpg'),
('977498344', 'Saint Gregory Palamas: The Homilies', 'Lorem Ipsum I am a definition', 70, 41, 'www.example.com', '2000-01-01', 1, 1, 'http://ecx.images-amazon.com/images/I/51YqRlQaIaL.jpg'),
('977895858', 'MACH 4® Mental Training System Tennis Handbook and Workbook II for Coaches, Parents, and Players', 'Lorem Ipsum I am a definition', 56, 31, 'www.example.com', '2000-01-01', 1, 1, 'http://ecx.images-amazon.com/images/I/41Sk3yilkwL.jpg'),
('979685206', 'This Water Goes North', 'Lorem Ipsum I am a definition', 86, 35, 'www.example.com', '2000-01-01', 1, 1, 'http://ecx.images-amazon.com/images/I/41gav2pCBYL.jpg'),
('979851114', 'We Are Girls Who Love to Run / Somos Chicas Y a Nosotras Nos Encanta Correr (We Are Girls) (We Are Girls) (English and Spanish Edition)', 'Lorem Ipsum I am a definition', 48, 26, 'www.example.com', '2000-01-01', 1, 1, 'http://ecx.images-amazon.com/images/I/61nbXZaSrRL.jpg'),
('9810211759', 'Nobel Lectures in Literature, 1968-1980 (Nobel Lectures, Including Presentation Speeches and Laureate)', 'Lorem Ipsum I am a definition', 21, 23, 'www.example.com', '2000-01-01', 1, 1, 'http://ecx.images-amazon.com/images/I/41933Y1PB4L.jpg'),
('981881203', 'Stone Offerings: Machu Picchu\'s Terraces of Enlightenment', 'Lorem Ipsum I am a definition', 36, 22, 'www.example.com', '2000-01-01', 1, 1, 'http://ecx.images-amazon.com/images/I/51bPUux7dQL.jpg'),
('982605978', '50 Tips to Help Students Succeed: Develop Your Student\'s Time-Management and Executive Skills for Life', 'Lorem Ipsum I am a definition', 84, 30, 'www.example.com', '2000-01-01', 1, 1, 'http://ecx.images-amazon.com/images/I/510eqbWzdXL.jpg'),
('983346666', 'She Appears! Encounters with Kwan Yin, Goddess of Compassion', 'Lorem Ipsum I am a definition', 54, 21, 'www.example.com', '2000-01-01', 1, 1, 'http://ecx.images-amazon.com/images/I/61Yo1Mi1JOL.jpg'),
('983440816', 'Purr Prints of the Heart: A Cat\'s Tale of Life, Death, and Beyond', 'Lorem Ipsum I am a definition', 6, 34, 'www.example.com', '2000-01-01', 1, 1, 'http://ecx.images-amazon.com/images/I/51tSiuDWS4L.jpg'),
('984817409', 'The Trust Company', 'Lorem Ipsum I am a definition', 99, 47, 'www.example.com', '2000-01-01', 1, 1, 'http://ecx.images-amazon.com/images/I/41rBl7D9YeL.jpg'),
('985082062', 'What\'s The Deal With Bitcoins?', 'Lorem Ipsum I am a definition', 72, 32, 'www.example.com', '2000-01-01', 1, 1, 'http://ecx.images-amazon.com/images/I/41EwHr9af5L.jpg'),
('985751444', 'Broken Earth (Savage Worlds)', 'Lorem Ipsum I am a definition', 49, 42, 'www.example.com', '2000-01-01', 1, 1, 'http://ecx.images-amazon.com/images/I/612wLxgw1QL.jpg'),
('985954051', 'License to Lie', 'Lorem Ipsum I am a definition', 72, 47, 'www.example.com', '2000-01-01', 1, 1, 'http://ecx.images-amazon.com/images/I/41k9h2wMPEL.jpg'),
('986115746', 'The Rewind Files', 'Lorem Ipsum I am a definition', 64, 42, 'www.example.com', '2000-01-01', 1, 1, 'http://ecx.images-amazon.com/images/I/51P9WLKoZlL.jpg'),
('986155608', 'The Color of our Sky', 'Lorem Ipsum I am a definition', 43, 23, 'www.example.com', '2000-01-01', 1, 1, 'http://ecx.images-amazon.com/images/I/51Z3f-5D-TL.jpg'),
('987204181', 'Kuan Yin Oracle Set', 'Lorem Ipsum I am a definition', 91, 27, 'www.example.com', '2000-01-01', 1, 1, 'http://ecx.images-amazon.com/images/I/51wLn0J3-bL.jpg'),
('988263408', 'Tony Northrup\'s DSLR Book: How to Create Stunning Digital Photography', 'Lorem Ipsum I am a definition', 62, 22, 'www.example.com', '2000-01-01', 1, 1, 'http://ecx.images-amazon.com/images/I/51tLap8et2L.jpg'),
('9888132342', 'LUXE Bali (LUXE City Guides)', 'Lorem Ipsum I am a definition', 37, 35, 'www.example.com', '2000-01-01', 1, 1, 'http://ecx.images-amazon.com/images/I/61zMNQYfkXL.jpg'),
('988839970', 'Thesaurus of the Senses', 'Lorem Ipsum I am a definition', 44, 37, 'www.example.com', '2000-01-01', 1, 1, 'http://ecx.images-amazon.com/images/I/51rBP2S2RBL.jpg'),
('989146758', 'The Book on PPMs: Regulation D Rule 505 Edition (New Renaissance Series on Corporate Strategies) (Volume 4)', 'Lorem Ipsum I am a definition', 70, 43, 'www.example.com', '2000-01-01', 1, 1, 'http://ecx.images-amazon.com/images/I/51TrX0qU-QL.jpg'),
('989880737', 'The Rise of Renegade X (Volume 1)', 'Lorem Ipsum I am a definition', 93, 42, 'www.example.com', '2000-01-01', 1, 1, 'http://ecx.images-amazon.com/images/I/51usO70-1UL.jpg'),
('9901983657', 'Archaeology and the Bible: 50 Old Testament Finds (pamphlet) (Recent Release--Archaelogy and the Bible: Old Testament)', 'Lorem Ipsum I am a definition', 92, 41, 'www.example.com', '2000-01-01', 1, 1, 'http://ecx.images-amazon.com/images/I/51ol4RsDadL.jpg'),
('990326705', 'Marco\'s Travels: Hello, Brazil (Volume 1)', 'Lorem Ipsum I am a definition', 49, 35, 'www.example.com', '2000-01-01', 1, 1, 'http://ecx.images-amazon.com/images/I/51Q48pny41L.jpg'),
('990961214', 'Rescued', 'Lorem Ipsum I am a definition', 81, 31, 'www.example.com', '2000-01-01', 1, 1, 'http://ecx.images-amazon.com/images/I/51SVmh-udgL.jpg'),
('991488032', 'Can I Ask That Volume 2: More Hard Questions About God & Faith [Sticky Faith Curriculum] Student Guide', 'Lorem Ipsum I am a definition', 4, 41, 'www.example.com', '2000-01-01', 1, 1, 'http://ecx.images-amazon.com/images/I/41kfKlpokBL.jpg'),
('993266185', 'The Inside Guide To Android Tablets For Seniors: Covers Android KitKat & Jelly Bean', 'Lorem Ipsum I am a definition', 91, 32, 'www.example.com', '2000-01-01', 1, 1, 'http://ecx.images-amazon.com/images/I/41m486pSqiL.jpg'),
('9948450337', 'Doha Map, 2nd (City Map)', 'Lorem Ipsum I am a definition', 89, 35, 'www.example.com', '2000-01-01', 1, 1, 'http://ecx.images-amazon.com/images/I/51vvUXd3Y3L.jpg'),
('B0006AXT02', 'One man\'s freedom', 'Lorem Ipsum I am a definition', 56, 43, 'www.example.com', '2000-01-01', 1, 1, 'http://ecx.images-amazon.com/images/I/41fNcY110RL.jpg'),
('B0006X7GZS', 'There\'s a Town in Missouri: Hermann, Hannibal, Springfield, St. Joseph, Joplin, Cape Girardeau, Fulton, Sedalia, Lamar, Lexington, Independence, St. Louis, 1902', 'Lorem Ipsum I am a definition', 34, 35, 'www.example.com', '2000-01-01', 1, 1, 'http://ecx.images-amazon.com/images/I/416Ltsou7hL.jpg'),
('B0007EDBRI', 'Bride in the Solomons', 'Lorem Ipsum I am a definition', 38, 35, 'www.example.com', '2000-01-01', 1, 1, 'http://ecx.images-amazon.com/images/I/414F2pr0WYL.jpg'),
('B0007JTST8', 'Mongol journeys', 'Lorem Ipsum I am a definition', 27, 35, 'www.example.com', '2000-01-01', 1, 1, 'http://ecx.images-amazon.com/images/I/11k2iGJLcGL.jpg'),
('B0008A3C7K', 'In quest of lost worlds,', 'Lorem Ipsum I am a definition', 37, 35, 'www.example.com', '2000-01-01', 1, 1, 'http://ecx.images-amazon.com/images/I/41WJv3tM3YL.jpg'),
('B000GLGO9O', 'New Jersey Puzzle Book (Which Way USA?)', 'Lorem Ipsum I am a definition', 20, 35, 'www.example.com', '2000-01-01', 1, 1, 'http://ecx.images-amazon.com/images/I/61htcGwMUYL.jpg'),
('B000MMX12K', 'Badlands National Monument (Natural History Handbook Series, 2)', 'Lorem Ipsum I am a definition', 90, 35, 'www.example.com', '2000-01-01', 1, 1, 'http://ecx.images-amazon.com/images/I/51xCjuQdfgL.jpg'),
('B000NJMMV8', 'The Juice Lady\'s Guide to Juicing for Health (Avery Health Guides)', 'Lorem Ipsum I am a definition', 87, 33, 'www.example.com', '2000-01-01', 1, 1, 'http://ecx.images-amazon.com/images/I/51NS2KVCQ2L.jpg'),
('B000P5ZMJ4', 'Brainchildren: Essays on Designing Minds', 'Lorem Ipsum I am a definition', 67, 45, 'www.example.com', '2000-01-01', 1, 1, 'http://ecx.images-amazon.com/images/I/51NFPafb8iL.jpg'),
('B0012KT4W2', 'THEORETICAL ACOUSTICS. A Volume in International Series in Pure and Applied Physics.', 'Lorem Ipsum I am a definition', 51, 25, 'www.example.com', '2000-01-01', 1, 1, 'http://ecx.images-amazon.com/images/I/51ovAf5CyFL.jpg'),
('B0030TS0M8', '1013A /Organic Chemistry Set for Student (HGS Polyhedron Molecular Model)', 'Lorem Ipsum I am a definition', 72, 25, 'www.example.com', '2000-01-01', 1, 1, 'http://ecx.images-amazon.com/images/I/41RrCQzGpnL.jpg'),
('B0038AJ88O', 'Cellular Pathology', 'Lorem Ipsum I am a definition', 42, 18, 'www.example.com', '2000-01-01', 1, 1, 'http://ecx.images-amazon.com/images/I/61Y40ulBiJL.jpg'),
('B003YCQCYE', 'How to Have a Big Wedding on a Small Budget', 'Lorem Ipsum I am a definition', 5, 34, 'www.example.com', '2000-01-01', 1, 1, 'http://ecx.images-amazon.com/images/I/51F1112Q6ML.jpg'),
('B0046LUQNK', 'Catching Air: The Excitement and Daring of Individual Action Sports-Snowboarding, Skateboarding, Bmx Biking, In-Line Skate', 'Lorem Ipsum I am a definition', 5, 31, 'www.example.com', '2000-01-01', 1, 1, 'http://ecx.images-amazon.com/images/I/51GZX5NKCSL.jpg'),
('B0096EUZ10', 'Williams-Sonoma Essentials of Latin Cooking: Recipes & Techniques for Authentic Home-Cooked Meals', 'Lorem Ipsum I am a definition', 34, 33, 'www.example.com', '2000-01-01', 1, 1, 'http://ecx.images-amazon.com/images/I/51EDAF0ulVL.jpg'),
('B009CPHG5Q', 'Chelation Therapy [ CHELATION THERAPY ] by Hawken, C. M. ( Author ) Aug-01-2011 Paperback', 'Lorem Ipsum I am a definition', 0, 28, 'www.example.com', '2000-01-01', 1, 1, 'http://ecx.images-amazon.com/images/I/41bhopgOI4L.jpg'),
('B00ATC9HXK', 'Visit the Zoo, vol. VI', 'Lorem Ipsum I am a definition', 16, 39, 'www.example.com', '2000-01-01', 1, 1, 'http://ecx.images-amazon.com/images/I/51LXcIqLB1L.jpg'),
('B00BQG7W8K', 'Definitive Antigua and Barbuda (The Definitive Caribbean Guides)', 'Lorem Ipsum I am a definition', 28, 35, 'www.example.com', '2000-01-01', 1, 1, 'http://ecx.images-amazon.com/images/I/51wEzYUfmDL.jpg'),
('B00CNKTC04', 'Ask the Vet About Dogs: Easy Answers to Commonly Asked Questions (Dog Fancy Books)', 'Lorem Ipsum I am a definition', 14, 18, 'www.example.com', '2000-01-01', 1, 1, 'http://ecx.images-amazon.com/images/I/51EHap1UvFL.jpg'),
('B00GMR2FGC', 'Geburt einer Offenbarung: Die Entstehung des Buches Urantia (German Edition)', 'Lorem Ipsum I am a definition', 98, 21, 'www.example.com', '2000-01-01', 1, 1, 'http://ecx.images-amazon.com/images/I/51HFuvmtryL.jpg'),
('B00I5VB6C2', 'North Korea: On the Inside, Looking In', 'Lorem Ipsum I am a definition', 64, 35, 'www.example.com', '2000-01-01', 1, 1, 'http://ecx.images-amazon.com/images/I/512dm0Uv7lL.jpg'),
('B00IGKGS9S', 'The 1717 Book of Common Prayer (Reproduction Edition)', 'Lorem Ipsum I am a definition', 73, 41, 'www.example.com', '2000-01-01', 1, 1, 'http://ecx.images-amazon.com/images/I/51psbG2%2Bn5L.jpg'),
('B00KVGIBMC', 'A Comprehensive Guide for Patients and Families The Lupus Encyclopedia (A Johns Hopkins Press Health Book) (Paperback) - Common', 'Lorem Ipsum I am a definition', 42, 28, 'www.example.com', '2000-01-01', 1, 1, 'http://ecx.images-amazon.com/images/I/41obsl0SwML.jpg'),
('B00W0CCAMM', 'How to Get Rid of Lice FAST: An Essential Guide to Getting Rid of Head Lice for Good', 'Lorem Ipsum I am a definition', 2, 28, 'www.example.com', '2000-01-01', 1, 1, 'http://ecx.images-amazon.com/images/I/51nIHExZpEL.jpg'),
('B012HUE4F2', 'British Diecast Model Toys Catalogue by John Ramsay (Editor) (1-Nov-2001) Hardcover', 'Lorem Ipsum I am a definition', 29, 34, 'www.example.com', '2000-01-01', 1, 1, 'http://ecx.images-amazon.com/images/I/51L5YeZMjlL.jpg'),
('B013PKHF9A', 'Celtic Viking: Heart of the Battle Series, Book 1', 'Lorem Ipsum I am a definition', 38, 40, 'www.example.com', '2000-01-01', 1, 1, 'http://ecx.images-amazon.com/images/I/51um2nBNdoL.jpg'),
('B0141831FW', 'A Bridge Through Time: Book 1 of The Thistle & Hive Series', 'Lorem Ipsum I am a definition', 27, 40, 'www.example.com', '2000-01-01', 1, 1, 'http://ecx.images-amazon.com/images/I/51jIUahXjDL.jpg');

-- --------------------------------------------------------

--
-- Table structure for table `cart`
--

CREATE TABLE `cart` (
  `customerId` int(11) NOT NULL,
  `bookId` varchar(13) COLLATE utf8_unicode_ci NOT NULL,
  `quantity` int(4) NOT NULL DEFAULT 1
) ENGINE=InnoDB DEFAULT CHARSET=utf8 COLLATE=utf8_unicode_ci;

--
-- Dumping data for table `cart`
--

INSERT INTO `cart` (`customerId`, `bookId`, `quantity`) VALUES
(1, '1234567891012', 3);

-- --------------------------------------------------------

--
-- Table structure for table `category`
--

CREATE TABLE `category` (
  `id` int(11) NOT NULL,
  `name` varchar(200) COLLATE utf8_unicode_ci DEFAULT NULL
) ENGINE=InnoDB DEFAULT CHARSET=utf8 COLLATE=utf8_unicode_ci;

--
-- Dumping data for table `category`
--

INSERT INTO `category` (`id`, `name`) VALUES
(1, 'new cat name'),
(4, 'Test category'),
(6, 'New Cat for Testing 6'),
(7, 'test new cat'),
(18, 'Medical Books'),
(19, 'Test Preparation'),
(20, 'Biographies & Memoirs'),
(21, 'Religion & Spirituality'),
(22, 'Arts & Photography'),
(23, 'Literature & Fiction'),
(24, 'Engineering & Transportation'),
(25, 'Science & Math'),
(26, 'Children\'s Books'),
(27, 'Self-Help'),
(28, 'Health, Fitness & Dieting'),
(29, 'Business & Money'),
(30, 'Parenting & Relationships'),
(31, 'Sports & Outdoors'),
(32, 'Computers & Technology'),
(33, 'Cookbooks, Food & Wine'),
(34, 'Crafts, Hobbies & Home'),
(35, 'Travel'),
(36, 'Humor & Entertainment'),
(37, 'Reference'),
(38, 'History'),
(39, 'Teen & Young Adult'),
(40, 'Romance'),
(41, 'Christian Books & Bibles'),
(42, 'Science Fiction & Fantasy'),
(43, 'Law'),
(44, 'Comics & Graphic Novels'),
(45, 'Politics & Social Sciences'),
(46, 'Calendars'),
(47, 'Mystery, Thriller & Suspense');

-- --------------------------------------------------------

--
-- Table structure for table `contactus`
--

CREATE TABLE `contactus` (
  `id` int(11) NOT NULL,
  `name` varchar(100) COLLATE utf8_unicode_ci DEFAULT NULL,
  `email` varchar(100) COLLATE utf8_unicode_ci DEFAULT NULL,
  `customerId` int(11) DEFAULT NULL,
  `message` varchar(500) COLLATE utf8_unicode_ci DEFAULT NULL,
  `status` varchar(10) COLLATE utf8_unicode_ci DEFAULT NULL
) ENGINE=InnoDB DEFAULT CHARSET=utf8 COLLATE=utf8_unicode_ci;

-- --------------------------------------------------------

--
-- Table structure for table `customerdiscounts`
--

CREATE TABLE `customerdiscounts` (
  `customerId` int(11) NOT NULL,
  `discountId` int(11) NOT NULL
) ENGINE=InnoDB DEFAULT CHARSET=utf8 COLLATE=utf8_unicode_ci;

-- --------------------------------------------------------

--
-- Table structure for table `customers`
--

CREATE TABLE `customers` (
  `id` int(11) NOT NULL,
  `email` varchar(50) COLLATE utf8_unicode_ci DEFAULT NULL,
  `firstName` varchar(100) COLLATE utf8_unicode_ci DEFAULT NULL,
  `lastName` varchar(100) COLLATE utf8_unicode_ci DEFAULT NULL,
  `postalCode` int(6) DEFAULT NULL,
  `street` varchar(100) COLLATE utf8_unicode_ci DEFAULT NULL,
  `addessLine1` varchar(100) COLLATE utf8_unicode_ci DEFAULT NULL,
  `addressLine2` varchar(100) COLLATE utf8_unicode_ci DEFAULT NULL,
  `city` varchar(100) COLLATE utf8_unicode_ci DEFAULT NULL,
  `country` varchar(3) COLLATE utf8_unicode_ci DEFAULT NULL,
  `phone` varchar(20) COLLATE utf8_unicode_ci DEFAULT NULL,
  `username` varchar(30) COLLATE utf8_unicode_ci NOT NULL,
  `passwordencrypted` varchar(42) COLLATE utf8_unicode_ci DEFAULT NULL,
  `isAdmin` tinyint(1) NOT NULL DEFAULT 0,
  `emailVerified` tinyint(1) NOT NULL DEFAULT 0,
  `phoneVerified` tinyint(1) NOT NULL DEFAULT 0,
  `registrationDate` datetime NOT NULL DEFAULT current_timestamp(),
  `lastOnline` datetime NOT NULL DEFAULT current_timestamp(),
  `referralCode` varchar(10) COLLATE utf8_unicode_ci NOT NULL,
  `referredBy` varchar(10) COLLATE utf8_unicode_ci NOT NULL,
  `dataStoragePermission` tinyint(1) NOT NULL DEFAULT 0,
  `dob` date NOT NULL
) ENGINE=InnoDB DEFAULT CHARSET=utf8 COLLATE=utf8_unicode_ci;

--
-- Dumping data for table `customers`
--

INSERT INTO `customers` (`id`, `email`, `firstName`, `lastName`, `postalCode`, `street`, `addessLine1`, `addressLine2`, `city`, `country`, `phone`, `username`, `passwordencrypted`, `isAdmin`, `emailVerified`, `phoneVerified`, `registrationDate`, `lastOnline`, `referralCode`, `referredBy`, `dataStoragePermission`, `dob`) VALUES
(1, 'dsingh@ihu.edu.gr', 'Deeksha', 'Singh', 54622, 'al svolou 2', NULL, NULL, 'thessaloniki', 'GRC', NULL, 'dsingh', '12345', 1, 1, 1, '2021-05-28 18:17:17', '2021-05-28 18:17:17', '', '', 0, '2021-05-02');

-- --------------------------------------------------------

--
-- Table structure for table `discounts`
--

CREATE TABLE `discounts` (
  `id` int(11) NOT NULL,
  `type` varchar(10) COLLATE utf8_unicode_ci DEFAULT NULL,
  `code` varchar(10) COLLATE utf8_unicode_ci DEFAULT NULL,
  `value` float DEFAULT NULL,
  `maxDiscount` float DEFAULT NULL
) ENGINE=InnoDB DEFAULT CHARSET=utf8 COLLATE=utf8_unicode_ci;

-- --------------------------------------------------------

--
-- Table structure for table `genre`
--

CREATE TABLE `genre` (
  `id` int(11) NOT NULL,
  `type` varchar(50) COLLATE utf8_unicode_ci DEFAULT NULL
) ENGINE=InnoDB DEFAULT CHARSET=utf8 COLLATE=utf8_unicode_ci;

-- --------------------------------------------------------

--
-- Table structure for table `guestcart`
--

CREATE TABLE `guestcart` (
  `sessionId` int(11) NOT NULL,
  `bookId` varchar(13) COLLATE utf8_unicode_ci NOT NULL,
  `quantity` int(4) NOT NULL DEFAULT 1
) ENGINE=InnoDB DEFAULT CHARSET=utf8 COLLATE=utf8_unicode_ci;

-- --------------------------------------------------------

--
-- Table structure for table `orderdetails`
--

CREATE TABLE `orderdetails` (
  `id` int(11) NOT NULL,
  `orderId` int(11) NOT NULL,
  `quantity` int(4) NOT NULL DEFAULT 1,
  `bookId` varchar(13) COLLATE utf8_unicode_ci NOT NULL
) ENGINE=InnoDB DEFAULT CHARSET=utf8 COLLATE=utf8_unicode_ci;

-- --------------------------------------------------------

--
-- Table structure for table `orders`
--

CREATE TABLE `orders` (
  `id` int(11) NOT NULL,
  `customerId` int(11) NOT NULL,
  `orderDate` datetime NOT NULL DEFAULT current_timestamp(),
  `status` varchar(10) COLLATE utf8_unicode_ci DEFAULT NULL,
  `extraDetails` varchar(500) COLLATE utf8_unicode_ci DEFAULT NULL,
  `promoCode` varchar(10) COLLATE utf8_unicode_ci DEFAULT NULL,
  `paymentMethod` varchar(10) COLLATE utf8_unicode_ci DEFAULT NULL,
  `totalPrice` float DEFAULT NULL,
  `discount` float DEFAULT NULL,
  `finalPrice` float DEFAULT NULL,
  `currency` varchar(3) COLLATE utf8_unicode_ci DEFAULT NULL
) ENGINE=InnoDB DEFAULT CHARSET=utf8 COLLATE=utf8_unicode_ci;

-- --------------------------------------------------------

--
-- Table structure for table `publisher`
--

CREATE TABLE `publisher` (
  `id` int(11) NOT NULL,
  `type` varchar(100) COLLATE utf8_unicode_ci DEFAULT NULL
) ENGINE=InnoDB DEFAULT CHARSET=utf8 COLLATE=utf8_unicode_ci;

--
-- Dumping data for table `publisher`
--

INSERT INTO `publisher` (`id`, `type`) VALUES
(1, 'testing publisher 1'),
(2, 'new type'),
(7, 'testpubfrompython');

-- --------------------------------------------------------

--
-- Table structure for table `ratings`
--

CREATE TABLE `ratings` (
  `id` int(11) NOT NULL,
  `rating` float NOT NULL,
  `bookId` varchar(13) COLLATE utf8_unicode_ci NOT NULL,
  `customerId` int(11) NOT NULL,
  `dateUpdated` datetime NOT NULL DEFAULT current_timestamp()
) ENGINE=InnoDB DEFAULT CHARSET=utf8 COLLATE=utf8_unicode_ci;

--
-- Dumping data for table `ratings`
--

INSERT INTO `ratings` (`id`, `rating`, `bookId`, `customerId`, `dateUpdated`) VALUES
(1, 3.5, '1', 1, '2021-05-30 13:59:00');

-- --------------------------------------------------------

--
-- Table structure for table `reviews`
--

CREATE TABLE `reviews` (
  `id` int(11) NOT NULL,
  `ratingId` int(11) NOT NULL,
  `review` varchar(500) COLLATE utf8_unicode_ci DEFAULT NULL,
  `dateUpdated` datetime NOT NULL DEFAULT current_timestamp()
) ENGINE=InnoDB DEFAULT CHARSET=utf8 COLLATE=utf8_unicode_ci;

-- --------------------------------------------------------

--
-- Table structure for table `sessions`
--

CREATE TABLE `sessions` (
  `id` int(11) NOT NULL
) ENGINE=InnoDB DEFAULT CHARSET=utf8 COLLATE=utf8_unicode_ci;

-- --------------------------------------------------------

--
-- Table structure for table `wishlist`
--

CREATE TABLE `wishlist` (
  `customerId` int(11) NOT NULL,
  `bookId` varchar(13) COLLATE utf8_unicode_ci NOT NULL,
  `dateAdded` datetime NOT NULL DEFAULT current_timestamp()
) ENGINE=InnoDB DEFAULT CHARSET=utf8 COLLATE=utf8_unicode_ci;

-- --------------------------------------------------------

--
-- Structure for view `bookpreview`
--
DROP TABLE IF EXISTS `bookpreview`;

CREATE ALGORITHM=UNDEFINED DEFINER=`root`@`localhost` SQL SECURITY DEFINER VIEW `bookpreview`  AS SELECT `t2`.`authorName` AS `authorName`, `t2`.`authorId` AS `authorId`, `t2`.`bookId` AS `bookId`, `t3`.`isbn` AS `isbn`, `t3`.`title` AS `title`, `t3`.`description` AS `description`, `t3`.`price` AS `price`, `t3`.`categoryId` AS `categoryId`, `t3`.`previewLink` AS `previewLink`, `t3`.`edition` AS `edition`, `t3`.`publicationDate` AS `publicationDate`, `t3`.`publisherId` AS `publisherId`, `t3`.`displayImage` AS `displayImage`, `t3`.`type` AS `type`, `t3`.`name` AS `name` FROM ((select concat(concat(`author`.`secondName`,','),`author`.`firstName`) AS `authorName`,`bookauthors`.`authorId` AS `authorId`,`bookauthors`.`bookId` AS `bookId` from (`author` left join `bookauthors` on(`author`.`id` = `bookauthors`.`authorId`))) `t2` left join (select `t1`.`isbn` AS `isbn`,`t1`.`title` AS `title`,`t1`.`description` AS `description`,`t1`.`price` AS `price`,`t1`.`categoryId` AS `categoryId`,`t1`.`previewLink` AS `previewLink`,`t1`.`edition` AS `edition`,`t1`.`publicationDate` AS `publicationDate`,`t1`.`publisherId` AS `publisherId`,`t1`.`displayImage` AS `displayImage`,`t1`.`type` AS `type`,`category`.`name` AS `name` from ((select `books`.`isbn` AS `isbn`,`books`.`title` AS `title`,`books`.`description` AS `description`,`books`.`price` AS `price`,`books`.`categoryId` AS `categoryId`,`books`.`previewLink` AS `previewLink`,`books`.`edition` AS `edition`,`books`.`publicationDate` AS `publicationDate`,`books`.`publisherId` AS `publisherId`,`books`.`displayImage` AS `displayImage`,`publisher`.`type` AS `type` from (`books` left join `publisher` on(`books`.`publisherId` = `publisher`.`id`))) `t1` left join `category` on(`t1`.`categoryId` = `category`.`id`))) `t3` on(`t2`.`bookId` = `t3`.`isbn`)) ;

--
-- Indexes for dumped tables
--

--
-- Indexes for table `author`
--
ALTER TABLE `author`
  ADD PRIMARY KEY (`id`);

--
-- Indexes for table `bookauthors`
--
ALTER TABLE `bookauthors`
  ADD KEY `authorId` (`bookId`,`authorId`);

--
-- Indexes for table `bookdiscounts`
--
ALTER TABLE `bookdiscounts`
  ADD KEY `bookId` (`bookId`),
  ADD KEY `discountId` (`discountId`);

--
-- Indexes for table `bookgenre`
--
ALTER TABLE `bookgenre`
  ADD KEY `bookId` (`bookId`),
  ADD KEY `genreId` (`genreId`);

--
-- Indexes for table `books`
--
ALTER TABLE `books`
  ADD PRIMARY KEY (`isbn`),
  ADD KEY `categoryId` (`categoryId`),
  ADD KEY `publisherId` (`publisherId`);

--
-- Indexes for table `cart`
--
ALTER TABLE `cart`
  ADD PRIMARY KEY (`customerId`,`bookId`),
  ADD KEY `bookId` (`bookId`);

--
-- Indexes for table `category`
--
ALTER TABLE `category`
  ADD PRIMARY KEY (`id`);

--
-- Indexes for table `contactus`
--
ALTER TABLE `contactus`
  ADD PRIMARY KEY (`id`),
  ADD KEY `customerId` (`customerId`);

--
-- Indexes for table `customerdiscounts`
--
ALTER TABLE `customerdiscounts`
  ADD KEY `discountId` (`discountId`),
  ADD KEY `customerId` (`customerId`);

--
-- Indexes for table `customers`
--
ALTER TABLE `customers`
  ADD PRIMARY KEY (`id`),
  ADD UNIQUE KEY `username` (`username`);

--
-- Indexes for table `discounts`
--
ALTER TABLE `discounts`
  ADD PRIMARY KEY (`id`);

--
-- Indexes for table `genre`
--
ALTER TABLE `genre`
  ADD PRIMARY KEY (`id`);

--
-- Indexes for table `guestcart`
--
ALTER TABLE `guestcart`
  ADD PRIMARY KEY (`sessionId`,`bookId`),
  ADD KEY `bookId` (`bookId`);

--
-- Indexes for table `orderdetails`
--
ALTER TABLE `orderdetails`
  ADD PRIMARY KEY (`id`),
  ADD KEY `bookId` (`bookId`),
  ADD KEY `orderId` (`orderId`);

--
-- Indexes for table `orders`
--
ALTER TABLE `orders`
  ADD PRIMARY KEY (`id`),
  ADD KEY `customerId` (`customerId`);

--
-- Indexes for table `publisher`
--
ALTER TABLE `publisher`
  ADD PRIMARY KEY (`id`);

--
-- Indexes for table `ratings`
--
ALTER TABLE `ratings`
  ADD PRIMARY KEY (`id`),
  ADD KEY `customerId` (`customerId`),
  ADD KEY `bookId` (`bookId`);

--
-- Indexes for table `reviews`
--
ALTER TABLE `reviews`
  ADD PRIMARY KEY (`id`),
  ADD KEY `ratingId` (`ratingId`);

--
-- Indexes for table `sessions`
--
ALTER TABLE `sessions`
  ADD PRIMARY KEY (`id`);

--
-- Indexes for table `wishlist`
--
ALTER TABLE `wishlist`
  ADD PRIMARY KEY (`customerId`,`bookId`),
  ADD KEY `bookId` (`bookId`);

--
-- AUTO_INCREMENT for dumped tables
--

--
-- AUTO_INCREMENT for table `author`
--
ALTER TABLE `author`
  MODIFY `id` int(11) NOT NULL AUTO_INCREMENT, AUTO_INCREMENT=980;

--
-- AUTO_INCREMENT for table `category`
--
ALTER TABLE `category`
  MODIFY `id` int(11) NOT NULL AUTO_INCREMENT, AUTO_INCREMENT=48;

--
-- AUTO_INCREMENT for table `contactus`
--
ALTER TABLE `contactus`
  MODIFY `id` int(11) NOT NULL AUTO_INCREMENT;

--
-- AUTO_INCREMENT for table `customers`
--
ALTER TABLE `customers`
  MODIFY `id` int(11) NOT NULL AUTO_INCREMENT, AUTO_INCREMENT=2;

--
-- AUTO_INCREMENT for table `discounts`
--
ALTER TABLE `discounts`
  MODIFY `id` int(11) NOT NULL AUTO_INCREMENT;

--
-- AUTO_INCREMENT for table `genre`
--
ALTER TABLE `genre`
  MODIFY `id` int(11) NOT NULL AUTO_INCREMENT;

--
-- AUTO_INCREMENT for table `orderdetails`
--
ALTER TABLE `orderdetails`
  MODIFY `id` int(11) NOT NULL AUTO_INCREMENT;

--
-- AUTO_INCREMENT for table `orders`
--
ALTER TABLE `orders`
  MODIFY `id` int(11) NOT NULL AUTO_INCREMENT;

--
-- AUTO_INCREMENT for table `publisher`
--
ALTER TABLE `publisher`
  MODIFY `id` int(11) NOT NULL AUTO_INCREMENT, AUTO_INCREMENT=8;

--
-- AUTO_INCREMENT for table `ratings`
--
ALTER TABLE `ratings`
  MODIFY `id` int(11) NOT NULL AUTO_INCREMENT, AUTO_INCREMENT=2;

--
-- AUTO_INCREMENT for table `reviews`
--
ALTER TABLE `reviews`
  MODIFY `id` int(11) NOT NULL AUTO_INCREMENT;

--
-- Constraints for dumped tables
--

--
-- Constraints for table `bookdiscounts`
--
ALTER TABLE `bookdiscounts`
  ADD CONSTRAINT `bookdiscounts_ibfk_1` FOREIGN KEY (`bookId`) REFERENCES `books` (`isbn`),
  ADD CONSTRAINT `bookdiscounts_ibfk_2` FOREIGN KEY (`discountId`) REFERENCES `discounts` (`id`);

--
-- Constraints for table `bookgenre`
--
ALTER TABLE `bookgenre`
  ADD CONSTRAINT `bookgenre_ibfk_1` FOREIGN KEY (`bookId`) REFERENCES `books` (`isbn`),
  ADD CONSTRAINT `bookgenre_ibfk_2` FOREIGN KEY (`genreId`) REFERENCES `genre` (`id`);

--
-- Constraints for table `books`
--
ALTER TABLE `books`
  ADD CONSTRAINT `books_ibfk_1` FOREIGN KEY (`categoryId`) REFERENCES `category` (`id`),
  ADD CONSTRAINT `books_ibfk_3` FOREIGN KEY (`publisherId`) REFERENCES `publisher` (`id`);

--
-- Constraints for table `cart`
--
ALTER TABLE `cart`
  ADD CONSTRAINT `cart_ibfk_1` FOREIGN KEY (`bookId`) REFERENCES `books` (`isbn`);

--
-- Constraints for table `contactus`
--
ALTER TABLE `contactus`
  ADD CONSTRAINT `contactus_ibfk_1` FOREIGN KEY (`customerId`) REFERENCES `customers` (`id`);
COMMIT;

/*!40101 SET CHARACTER_SET_CLIENT=@OLD_CHARACTER_SET_CLIENT */;
/*!40101 SET CHARACTER_SET_RESULTS=@OLD_CHARACTER_SET_RESULTS */;
/*!40101 SET COLLATION_CONNECTION=@OLD_COLLATION_CONNECTION */;
